"","id","month","mean_temp","mean_precip","country"
"1","1","Jan",51.08,1.2,"algeria"
"2","1","Feb",52.48,1.03,"algeria"
"3","1","Mar",57.74,1.3,"algeria"
"4","1","Apr",64.98,1.28,"algeria"
"5","1","May",72.01,0.86,"algeria"
"6","1","Jun",80.58,0.42,"algeria"
"7","1","Jul",87.55,0.18,"algeria"
"8","1","Aug",86.81,0.41,"algeria"
"9","1","Sep",79.27,0.84,"algeria"
"10","1","Nov",70.68,0.88,"algeria"
"11","1","Oct",59.74,1.29,"algeria"
"12","1","Dec",53.02,1,"algeria"
"13","2","Jan",75.61,5.71,"angola"
"14","2","Feb",76.46,5.34,"angola"
"15","2","Mar",76.26,6.21,"angola"
"16","2","Apr",76.08,4.72,"angola"
"17","2","May",75.31,0.85,"angola"
"18","2","Jun",72.39,0.04,"angola"
"19","2","Jul",72.54,0.03,"angola"
"20","2","Aug",75.58,0.1,"angola"
"21","2","Sep",78.66,0.61,"angola"
"22","2","Nov",79,3.34,"angola"
"23","2","Oct",77.13,6.11,"angola"
"24","2","Dec",75.38,5.85,"angola"
"25","3","Jan",85.01,0.24,"benin"
"26","3","Feb",87.48,0.55,"benin"
"27","3","Mar",89.24,1.04,"benin"
"28","3","Apr",89.26,1.39,"benin"
"29","3","May",86.97,2.84,"benin"
"30","3","Jun",83.28,3.87,"benin"
"31","3","Jul",79.9,4.05,"benin"
"32","3","Aug",78.71,4.23,"benin"
"33","3","Sep",79.92,4.9,"benin"
"34","3","Nov",82.83,3.08,"benin"
"35","3","Oct",85.46,0.75,"benin"
"36","3","Dec",84.99,0.22,"benin"
"37","4","Jan",82.09,2.59,"botswana"
"38","4","Feb",80.89,2.33,"botswana"
"39","4","Mar",79.52,1.15,"botswana"
"40","4","Apr",74.64,0.74,"botswana"
"41","4","May",70,0.05,"botswana"
"42","4","Jun",63.93,0.02,"botswana"
"43","4","Jul",63.55,0.03,"botswana"
"44","4","Aug",70.47,0.01,"botswana"
"45","4","Sep",78.66,0.04,"botswana"
"46","4","Nov",83.73,0.6,"botswana"
"47","4","Oct",84.13,1.87,"botswana"
"48","4","Dec",82.94,3.13,"botswana"
"49","5","Jan",81.68,0.01,"burkina-faso"
"50","5","Feb",86.56,0.07,"burkina-faso"
"51","5","Mar",92.39,0.27,"burkina-faso"
"52","5","Apr",95.61,0.47,"burkina-faso"
"53","5","May",95.09,1.26,"burkina-faso"
"54","5","Jun",91.8,1.54,"burkina-faso"
"55","5","Jul",86.36,3.18,"burkina-faso"
"56","5","Aug",82.71,5.28,"burkina-faso"
"57","5","Sep",84.47,2.9,"burkina-faso"
"58","5","Nov",88.56,0.83,"burkina-faso"
"59","5","Oct",88.27,0.04,"burkina-faso"
"60","5","Dec",83.07,0,"burkina-faso"
"61","6","Jan",68.72,5.64,"burundi"
"62","6","Feb",69.6,5.66,"burundi"
"63","6","Mar",69.03,7.01,"burundi"
"64","6","Apr",67.48,7.54,"burundi"
"65","6","May",66.43,5.04,"burundi"
"66","6","Jun",66.92,1.07,"burundi"
"67","6","Jul",68.79,0.4,"burundi"
"68","6","Aug",70.99,0.7,"burundi"
"69","6","Sep",71.98,2.43,"burundi"
"70","6","Nov",70.29,6.7,"burundi"
"71","6","Oct",68.34,8.31,"burundi"
"72","6","Dec",67.64,7.86,"burundi"
"73","7","Jan",81.75,0.31,"cameroon"
"74","7","Feb",83.97,1,"cameroon"
"75","7","Mar",85.17,2.26,"cameroon"
"76","7","Apr",84.31,3.44,"cameroon"
"77","7","May",81.79,5.37,"cameroon"
"78","7","Jun",78.91,6.18,"cameroon"
"79","7","Jul",76.17,8.22,"cameroon"
"80","7","Aug",75.33,7.68,"cameroon"
"81","7","Sep",76.21,8.29,"cameroon"
"82","7","Nov",78.13,6.66,"cameroon"
"83","7","Oct",80.44,2.22,"cameroon"
"84","7","Dec",81,0.52,"cameroon"
"85","8","Jan",86.85,0.04,"central-african-republic"
"86","8","Feb",89.28,0.45,"central-african-republic"
"87","8","Mar",89.2,1.23,"central-african-republic"
"88","8","Apr",87.62,2.14,"central-african-republic"
"89","8","May",83.88,4.16,"central-african-republic"
"90","8","Jun",80.74,4.19,"central-african-republic"
"91","8","Jul",78.01,5.41,"central-african-republic"
"92","8","Aug",77.29,6.47,"central-african-republic"
"93","8","Sep",78.04,6.52,"central-african-republic"
"94","8","Nov",79.83,5.46,"central-african-republic"
"95","8","Oct",83.43,0.89,"central-african-republic"
"96","8","Dec",85.95,0.05,"central-african-republic"
"97","9","Jan",79.21,0.14,"chad"
"98","9","Feb",84.99,0.11,"chad"
"99","9","Mar",90.66,0.15,"chad"
"100","9","Apr",94.69,0.37,"chad"
"101","9","May",95.04,1.57,"chad"
"102","9","Jun",92.75,2.78,"chad"
"103","9","Jul",87.85,6.05,"chad"
"104","9","Aug",84.61,10.09,"chad"
"105","9","Sep",86.83,4.6,"chad"
"106","9","Nov",88.29,1.54,"chad"
"107","9","Oct",85.84,0.08,"chad"
"108","9","Dec",80.13,0.11,"chad"
"109","10","Jan",82.56,8.01,"comoros"
"110","10","Feb",82.85,6.37,"comoros"
"111","10","Mar",83.25,5.71,"comoros"
"112","10","Apr",83.01,4.31,"comoros"
"113","10","May",81.5,2.62,"comoros"
"114","10","Jun",79.3,1.18,"comoros"
"115","10","Jul",77.54,0.7,"comoros"
"116","10","Aug",77.02,0.47,"comoros"
"117","10","Sep",77.36,0.52,"comoros"
"118","10","Nov",78.89,0.86,"comoros"
"119","10","Oct",80.65,1.5,"comoros"
"120","10","Dec",82.45,3.92,"comoros"
"121","11","Jan",80.74,3.23,"democratic-republic-of-the-congo"
"122","11","Feb",81.45,3.62,"democratic-republic-of-the-congo"
"123","11","Mar",81,4.42,"democratic-republic-of-the-congo"
"124","11","Apr",80.02,4.46,"democratic-republic-of-the-congo"
"125","11","May",79.65,3.69,"democratic-republic-of-the-congo"
"126","11","Jun",79.54,2.14,"democratic-republic-of-the-congo"
"127","11","Jul",80.55,1.9,"democratic-republic-of-the-congo"
"128","11","Aug",81.72,2.92,"democratic-republic-of-the-congo"
"129","11","Sep",81.3,4.36,"democratic-republic-of-the-congo"
"130","11","Nov",79.65,6.4,"democratic-republic-of-the-congo"
"131","11","Oct",78.6,5.94,"democratic-republic-of-the-congo"
"132","11","Dec",79.02,4.67,"democratic-republic-of-the-congo"
"133","12","Jan",80.47,2.43,"equatorial-guinea"
"134","12","Feb",81.07,3.43,"equatorial-guinea"
"135","12","Mar",81.39,5.21,"equatorial-guinea"
"136","12","Apr",81.16,5.23,"equatorial-guinea"
"137","12","May",80.04,6.94,"equatorial-guinea"
"138","12","Jun",77.74,6.54,"equatorial-guinea"
"139","12","Jul",76.12,6.5,"equatorial-guinea"
"140","12","Aug",76.21,5.53,"equatorial-guinea"
"141","12","Sep",76.75,6.76,"equatorial-guinea"
"142","12","Nov",77.65,7.31,"equatorial-guinea"
"143","12","Oct",78.98,5.57,"equatorial-guinea"
"144","12","Dec",79.74,2.61,"equatorial-guinea"
"145","13","Jan",73.8,0.21,"eritrea"
"146","13","Feb",76.39,0.34,"eritrea"
"147","13","Mar",80.06,0.71,"eritrea"
"148","13","Apr",83.59,1.56,"eritrea"
"149","13","May",86,1.8,"eritrea"
"150","13","Jun",86.4,1.02,"eritrea"
"151","13","Jul",82.65,3.72,"eritrea"
"152","13","Aug",81.45,4.21,"eritrea"
"153","13","Sep",83.62,0.82,"eritrea"
"154","13","Nov",81.37,0.53,"eritrea"
"155","13","Oct",77.54,0.49,"eritrea"
"156","13","Dec",74.07,0.15,"eritrea"
"157","14","Jan",74.28,3.86,"eswatini"
"158","14","Feb",74.26,3.17,"eswatini"
"159","14","Mar",72.9,2.47,"eswatini"
"160","14","Apr",68.2,1.99,"eswatini"
"161","14","May",65.23,0.27,"eswatini"
"162","14","Jun",60.87,0.23,"eswatini"
"163","14","Jul",61.16,0.17,"eswatini"
"164","14","Aug",65.82,0.28,"eswatini"
"165","14","Sep",70.56,0.77,"eswatini"
"166","14","Nov",71.33,1.91,"eswatini"
"167","14","Oct",73.15,2.9,"eswatini"
"168","14","Dec",74.89,3.64,"eswatini"
"169","15","Jan",71.28,0.33,"ethiopia"
"170","15","Feb",73.54,0.71,"ethiopia"
"171","15","Mar",75.65,2.17,"ethiopia"
"172","15","Apr",75.45,4.19,"ethiopia"
"173","15","May",73.81,4.56,"ethiopia"
"174","15","Jun",72.88,3.92,"ethiopia"
"175","15","Jul",70.21,6.69,"ethiopia"
"176","15","Aug",69.91,7.48,"ethiopia"
"177","15","Sep",71.01,4.55,"ethiopia"
"178","15","Nov",70.39,3.13,"ethiopia"
"179","15","Oct",69.98,1.75,"ethiopia"
"180","15","Dec",69.98,0.43,"ethiopia"
"181","16","Jan",81.43,3.83,"gabon"
"182","16","Feb",81.95,4.52,"gabon"
"183","16","Mar",82.08,5.56,"gabon"
"184","16","Apr",81.79,5.99,"gabon"
"185","16","May",80.62,6.48,"gabon"
"186","16","Jun",78.89,2.67,"gabon"
"187","16","Jul",78.17,1.43,"gabon"
"188","16","Aug",79.29,1.7,"gabon"
"189","16","Sep",78.91,3.92,"gabon"
"190","16","Nov",78.33,8.48,"gabon"
"191","16","Oct",79.12,8.82,"gabon"
"192","16","Dec",80.22,4.9,"gabon"
"193","17","Jan",85.48,0.55,"ghana"
"194","17","Feb",87.37,1.3,"ghana"
"195","17","Mar",88.74,2.39,"ghana"
"196","17","Apr",88.56,2.79,"ghana"
"197","17","May",86.22,4.05,"ghana"
"198","17","Jun",82.44,4.31,"ghana"
"199","17","Jul",79.45,4.3,"ghana"
"200","17","Aug",78.53,3.87,"ghana"
"201","17","Sep",79.18,5.92,"ghana"
"202","17","Nov",81.95,4.96,"ghana"
"203","17","Oct",84.63,1.78,"ghana"
"204","17","Dec",84.81,0.77,"ghana"
"205","18","Jan",80.82,0.11,"guinea"
"206","18","Feb",83.46,0.27,"guinea"
"207","18","Mar",85.95,0.91,"guinea"
"208","18","Apr",86.32,1.73,"guinea"
"209","18","May",83.97,4.14,"guinea"
"210","18","Jun",80.44,6.64,"guinea"
"211","18","Jul",76.73,11.48,"guinea"
"212","18","Aug",75.31,12.83,"guinea"
"213","18","Sep",76.71,10.6,"guinea"
"214","18","Nov",78.78,5.35,"guinea"
"215","18","Oct",80.19,1.16,"guinea"
"216","18","Dec",79.74,0.17,"guinea"
"217","19","Jan",83.86,0,"guinea-bissau"
"218","19","Feb",85.96,0.01,"guinea-bissau"
"219","19","Mar",87.93,0.02,"guinea-bissau"
"220","19","Apr",89.19,0.06,"guinea-bissau"
"221","19","May",88.72,0.36,"guinea-bissau"
"222","19","Jun",87.66,1.89,"guinea-bissau"
"223","19","Jul",83.61,7.89,"guinea-bissau"
"224","19","Aug",81.55,11.09,"guinea-bissau"
"225","19","Sep",82.31,8.04,"guinea-bissau"
"226","19","Nov",85.53,2.13,"guinea-bissau"
"227","19","Oct",85.96,0.22,"guinea-bissau"
"228","19","Dec",83.68,0.01,"guinea-bissau"
"229","20","Jan",73.62,2.98,"kenya"
"230","20","Feb",75.36,2.96,"kenya"
"231","20","Mar",75.45,6.93,"kenya"
"232","20","Apr",73.27,12.05,"kenya"
"233","20","May",71.49,10.28,"kenya"
"234","20","Jun",70.32,5.87,"kenya"
"235","20","Jul",69.75,4.36,"kenya"
"236","20","Aug",70.74,5.35,"kenya"
"237","20","Sep",72.32,5.16,"kenya"
"238","20","Nov",73.22,7.72,"kenya"
"239","20","Oct",72.23,9.68,"kenya"
"240","20","Dec",72.23,5.96,"kenya"
"241","21","Jan",69.67,8.26,"lesotho"
"242","21","Feb",68.27,6.89,"lesotho"
"243","21","Mar",65.71,4.84,"lesotho"
"244","21","Apr",58.82,2.88,"lesotho"
"245","21","May",54.3,0.92,"lesotho"
"246","21","Jun",48,0.79,"lesotho"
"247","21","Jul",48.61,0.55,"lesotho"
"248","21","Aug",54.3,0.73,"lesotho"
"249","21","Sep",62.11,1.22,"lesotho"
"250","21","Nov",65.39,3.56,"lesotho"
"251","21","Oct",66.92,5.85,"lesotho"
"252","21","Dec",68.81,7.58,"lesotho"
"253","22","Jan",82.09,2.99,"liberia"
"254","22","Feb",82.96,4.05,"liberia"
"255","22","Mar",83.32,6.16,"liberia"
"256","22","Apr",83.3,7.35,"liberia"
"257","22","May",81.88,13.46,"liberia"
"258","22","Jun",79.18,18.64,"liberia"
"259","22","Jul",76.95,15.4,"liberia"
"260","22","Aug",76.51,17.11,"liberia"
"261","22","Sep",77.49,20.1,"liberia"
"262","22","Nov",79.05,17.05,"liberia"
"263","22","Oct",80.49,10.11,"liberia"
"264","22","Dec",81.05,4.45,"liberia"
"265","23","Jan",78.1,16.82,"madagascar"
"266","23","Feb",78.03,13.45,"madagascar"
"267","23","Mar",77.59,11.23,"madagascar"
"268","23","Apr",76.12,3.84,"madagascar"
"269","23","May",73.33,2.13,"madagascar"
"270","23","Jun",70.65,2.03,"madagascar"
"271","23","Jul",69.1,1.69,"madagascar"
"272","23","Aug",70.61,1.31,"madagascar"
"273","23","Sep",72.93,1.03,"madagascar"
"274","23","Nov",76.26,2.66,"madagascar"
"275","23","Oct",78.13,5.35,"madagascar"
"276","23","Dec",78.98,9.46,"madagascar"
"277","24","Jan",73.45,16.9,"malawi"
"278","24","Feb",73.27,14.64,"malawi"
"279","24","Mar",72.95,9.74,"malawi"
"280","24","Apr",71.17,2.66,"malawi"
"281","24","May",69.26,0.61,"malawi"
"282","24","Jun",66.92,0.26,"malawi"
"283","24","Jul",67.06,0.28,"malawi"
"284","24","Aug",72.05,0.17,"malawi"
"285","24","Sep",77,0.13,"malawi"
"286","24","Nov",80.33,1.11,"malawi"
"287","24","Oct",80.65,3.23,"malawi"
"288","24","Dec",77.13,11.04,"malawi"
"289","25","Jan",78.67,0.05,"mali"
"290","25","Feb",83.82,0.02,"mali"
"291","25","Mar",90.37,0.1,"mali"
"292","25","Apr",95.77,0.21,"mali"
"293","25","May",98.01,0.85,"mali"
"294","25","Jun",96.69,1.69,"mali"
"295","25","Jul",91.35,5.01,"mali"
"296","25","Aug",87.67,8.22,"mali"
"297","25","Sep",89.51,4.33,"mali"
"298","25","Nov",91.17,1.02,"mali"
"299","25","Oct",87.17,0.05,"mali"
"300","25","Dec",80.02,0,"mali"
"301","26","Jan",74.1,0.04,"mauritania"
"302","26","Feb",77.32,0.05,"mauritania"
"303","26","Mar",82.71,0.07,"mauritania"
"304","26","Apr",87.15,0.09,"mauritania"
"305","26","May",91.18,0.23,"mauritania"
"306","26","Jun",92.77,0.36,"mauritania"
"307","26","Jul",90.72,1.11,"mauritania"
"308","26","Aug",89.83,2.74,"mauritania"
"309","26","Sep",91.18,2.21,"mauritania"
"310","26","Nov",90.72,0.67,"mauritania"
"311","26","Oct",83.35,0.06,"mauritania"
"312","26","Dec",75.81,0.03,"mauritania"
"313","27","Jan",80.73,13.15,"mozambique"
"314","27","Feb",80.56,10.03,"mozambique"
"315","27","Mar",79.47,7.13,"mozambique"
"316","27","Apr",76.48,3.1,"mozambique"
"317","27","May",73.78,0.9,"mozambique"
"318","27","Jun",71.01,0.69,"mozambique"
"319","27","Jul",70.88,0.73,"mozambique"
"320","27","Aug",75.18,0.48,"mozambique"
"321","27","Sep",80.11,0.61,"mozambique"
"322","27","Nov",82.69,1.75,"mozambique"
"323","27","Oct",83.77,4.24,"mozambique"
"324","27","Dec",82.71,9.04,"mozambique"
"325","28","Jan",80.82,5.63,"namibia"
"326","28","Feb",79.7,5.41,"namibia"
"327","28","Mar",78.37,4.55,"namibia"
"328","28","Apr",75.38,1.51,"namibia"
"329","28","May",71.44,0.15,"namibia"
"330","28","Jun",65.59,0.02,"namibia"
"331","28","Jul",65.28,0.02,"namibia"
"332","28","Aug",70.88,0.01,"namibia"
"333","28","Sep",78.12,0.09,"namibia"
"334","28","Nov",82.89,0.61,"namibia"
"335","28","Oct",82.49,3.12,"namibia"
"336","28","Dec",81.37,5.59,"namibia"
"337","29","Jan",77.52,0,"niger"
"338","29","Feb",83.61,0.04,"niger"
"339","29","Mar",90.81,0.04,"niger"
"340","29","Apr",96.3,0.15,"niger"
"341","29","May",98.65,0.49,"niger"
"342","29","Jun",97.03,1.32,"niger"
"343","29","Jul",92.26,3.62,"niger"
"344","29","Aug",88.81,5.73,"niger"
"345","29","Sep",91.9,1.42,"niger"
"346","29","Nov",92.82,0.35,"niger"
"347","29","Oct",87.26,0,"niger"
"348","29","Dec",79.18,0,"niger"
"349","30","Jan",84.67,0.66,"nigeria"
"350","30","Feb",87.62,1.54,"nigeria"
"351","30","Mar",89.74,2.68,"nigeria"
"352","30","Apr",90.28,3.75,"nigeria"
"353","30","May",88.25,5.95,"nigeria"
"354","30","Jun",84.61,7.51,"nigeria"
"355","30","Jul",81.01,10.93,"nigeria"
"356","30","Aug",79.39,12.54,"nigeria"
"357","30","Sep",81.01,11.24,"nigeria"
"358","30","Nov",83.93,6.93,"nigeria"
"359","30","Oct",85.62,2.41,"nigeria"
"360","30","Dec",84.24,0.59,"nigeria"
"361","31","Jan",69.42,7.84,"rwanda"
"362","31","Feb",70.27,9.99,"rwanda"
"363","31","Mar",69.37,15.19,"rwanda"
"364","31","Apr",67.57,17.7,"rwanda"
"365","31","May",66.33,14.22,"rwanda"
"366","31","Jun",66.85,6.13,"rwanda"
"367","31","Jul",69.1,2.75,"rwanda"
"368","31","Aug",71.02,5.35,"rwanda"
"369","31","Sep",70.83,13.32,"rwanda"
"370","31","Nov",69.35,19.44,"rwanda"
"371","31","Oct",67.66,19.06,"rwanda"
"372","31","Dec",67.64,12.62,"rwanda"
"373","32","Jan",82.18,10.62,"sao-tome-and-principe"
"374","32","Feb",82.67,8.89,"sao-tome-and-principe"
"375","32","Mar",82.87,9.9,"sao-tome-and-principe"
"376","32","Apr",82.51,8.02,"sao-tome-and-principe"
"377","32","May",80.83,8.98,"sao-tome-and-principe"
"378","32","Jun",77.32,2.14,"sao-tome-and-principe"
"379","32","Jul",75.16,0.86,"sao-tome-and-principe"
"380","32","Aug",75.49,1.59,"sao-tome-and-principe"
"381","32","Sep",77.18,2.78,"sao-tome-and-principe"
"382","32","Nov",79.3,17.2,"sao-tome-and-principe"
"383","32","Oct",80.56,19.47,"sao-tome-and-principe"
"384","32","Dec",81.19,12.57,"sao-tome-and-principe"
"385","33","Jan",82.04,0.01,"senegal"
"386","33","Feb",84.07,0.01,"senegal"
"387","33","Mar",87.35,0.06,"senegal"
"388","33","Apr",89.42,0.09,"senegal"
"389","33","May",90.12,0.33,"senegal"
"390","33","Jun",89.35,1.6,"senegal"
"391","33","Jul",86.45,5.64,"senegal"
"392","33","Aug",84.72,10.4,"senegal"
"393","33","Sep",85.64,8.19,"senegal"
"394","33","Nov",89.06,1.9,"senegal"
"395","33","Oct",87.66,0.14,"senegal"
"396","33","Dec",83.03,0.01,"senegal"
"397","34","Jan",81.82,18.22,"seychelles"
"398","34","Feb",82.44,10.92,"seychelles"
"399","34","Mar",83.34,9.42,"seychelles"
"400","34","Apr",84.13,8.48,"seychelles"
"401","34","May",83.62,13.75,"seychelles"
"402","34","Jun",81.16,6.42,"seychelles"
"403","34","Jul",79.25,4.14,"seychelles"
"404","34","Aug",79.12,4.29,"seychelles"
"405","34","Sep",79.97,7.4,"seychelles"
"406","34","Nov",81.19,10.13,"seychelles"
"407","34","Oct",81.86,10.32,"seychelles"
"408","34","Dec",82.04,15.24,"seychelles"
"409","35","Jan",83.32,0.36,"sierra-leone"
"410","35","Feb",85.12,0.57,"sierra-leone"
"411","35","Mar",85.8,1.9,"sierra-leone"
"412","35","Apr",85.59,4.02,"sierra-leone"
"413","35","May",83.46,9.48,"sierra-leone"
"414","35","Jun",80.55,14.17,"sierra-leone"
"415","35","Jul",77.79,22.94,"sierra-leone"
"416","35","Aug",76.98,27.46,"sierra-leone"
"417","35","Sep",78.35,21.96,"sierra-leone"
"418","35","Nov",80.28,14.05,"sierra-leone"
"419","35","Oct",81.54,5.35,"sierra-leone"
"420","35","Dec",81.7,0.77,"sierra-leone"
"421","36","Jan",77.95,4.5,"south-africa"
"422","36","Feb",77.4,3.58,"south-africa"
"423","36","Mar",75.27,3.06,"south-africa"
"424","36","Apr",69.39,2.07,"south-africa"
"425","36","May",65.48,0.86,"south-africa"
"426","36","Jun",59.34,0.55,"south-africa"
"427","36","Jul",59.27,0.71,"south-africa"
"428","36","Aug",63.61,0.59,"south-africa"
"429","36","Sep",69.66,0.96,"south-africa"
"430","36","Nov",72.9,2.3,"south-africa"
"431","36","Oct",74.89,3.22,"south-africa"
"432","36","Dec",77.11,3.68,"south-africa"
"433","37","Jan",85.23,0.22,"south-sudan"
"434","37","Feb",89.2,0.47,"south-sudan"
"435","37","Mar",91.09,1.81,"south-sudan"
"436","37","Apr",91.06,3.16,"south-sudan"
"437","37","May",86.92,6.66,"south-sudan"
"438","37","Jun",83.59,7.9,"south-sudan"
"439","37","Jul",80.01,9.51,"south-sudan"
"440","37","Aug",79.57,11.06,"south-sudan"
"441","37","Sep",81.07,8.92,"south-sudan"
"442","37","Nov",83.44,6.92,"south-sudan"
"443","37","Oct",85.21,2.14,"south-sudan"
"444","37","Dec",84.92,0.55,"south-sudan"
"445","38","Jan",77.09,3.88,"togo"
"446","38","Feb",79.48,3.39,"togo"
"447","38","Mar",81.81,5.42,"togo"
"448","38","Apr",82.51,4.76,"togo"
"449","38","May",82.22,4.67,"togo"
"450","38","Jun",79.66,5.09,"togo"
"451","38","Jul",77.74,7.08,"togo"
"452","38","Aug",76.62,8.09,"togo"
"453","38","Sep",76.53,9.8,"togo"
"454","38","Nov",77.76,7.29,"togo"
"455","38","Oct",78.75,4.56,"togo"
"456","38","Dec",77.07,3.4,"togo"
"457","39","Jan",77.32,3.21,"uganda"
"458","39","Feb",78.96,4.33,"uganda"
"459","39","Mar",77.25,9.82,"uganda"
"460","39","Apr",74.14,15.05,"uganda"
"461","39","May",72.03,16.04,"uganda"
"462","39","Jun",71.53,11,"uganda"
"463","39","Jul",71.87,8.96,"uganda"
"464","39","Aug",72.7,12.59,"uganda"
"465","39","Sep",73.71,14.26,"uganda"
"466","39","Nov",73.53,17.15,"uganda"
"467","39","Oct",73.17,14.25,"uganda"
"468","39","Dec",74.75,6.81,"uganda"
"469","40","Jan",73,12.31,"zambia"
"470","40","Feb",72.91,11.42,"zambia"
"471","40","Mar",72.73,8.48,"zambia"
"472","40","Apr",71.51,2.38,"zambia"
"473","40","May",69.66,0.2,"zambia"
"474","40","Jun",66.99,0.03,"zambia"
"475","40","Jul",67.5,0.03,"zambia"
"476","40","Aug",73.89,0.01,"zambia"
"477","40","Sep",80.46,0.03,"zambia"
"478","40","Nov",83.66,0.78,"zambia"
"479","40","Oct",80.58,5.42,"zambia"
"480","40","Dec",75.11,12.49,"zambia"
"481","41","Jan",75.07,10.95,"zimbabwe"
"482","41","Feb",74.23,9.16,"zimbabwe"
"483","41","Mar",73.54,5.13,"zimbabwe"
"484","41","Apr",70.66,2.11,"zimbabwe"
"485","41","May",67.71,0.37,"zimbabwe"
"486","41","Jun",63.93,0.1,"zimbabwe"
"487","41","Jul",63.86,0.12,"zimbabwe"
"488","41","Aug",70.48,0.06,"zimbabwe"
"489","41","Sep",77.34,0.1,"zimbabwe"
"490","41","Nov",80.89,1.1,"zimbabwe"
"491","41","Oct",80.01,5.14,"zimbabwe"
"492","41","Dec",77.18,10.34,"zimbabwe"
"493","42","Jan",78.76,2.83,"antigua-and-barbuda"
"494","42","Feb",78.35,2.41,"antigua-and-barbuda"
"495","42","Mar",78.24,2.24,"antigua-and-barbuda"
"496","42","Apr",79.2,3.9,"antigua-and-barbuda"
"497","42","May",80.64,6.23,"antigua-and-barbuda"
"498","42","Jun",81.97,4.1,"antigua-and-barbuda"
"499","42","Jul",82.31,6.23,"antigua-and-barbuda"
"500","42","Aug",82.9,8.27,"antigua-and-barbuda"
"501","42","Sep",83.3,8.6,"antigua-and-barbuda"
"502","42","Nov",82.87,9.72,"antigua-and-barbuda"
"503","42","Oct",81.59,8.4,"antigua-and-barbuda"
"504","42","Dec",80.04,5.05,"antigua-and-barbuda"
"505","43","Jan",76.73,3.07,"argentina"
"506","43","Feb",74.84,2.87,"argentina"
"507","43","Mar",70.5,1.94,"argentina"
"508","43","Apr",64.56,1.65,"argentina"
"509","43","May",57.96,1.2,"argentina"
"510","43","Jun",53.04,0.83,"argentina"
"511","43","Jul",51.64,0.78,"argentina"
"512","43","Aug",56.12,0.63,"argentina"
"513","43","Sep",60.98,0.84,"argentina"
"514","43","Nov",65.62,1.94,"argentina"
"515","43","Oct",70.84,2.41,"argentina"
"516","43","Dec",75.06,2.63,"argentina"
"517","44","Jan",79.9,0.64,"barbados"
"518","44","Feb",79.48,0.53,"barbados"
"519","44","Mar",79.86,0.84,"barbados"
"520","44","Apr",80.78,1.26,"barbados"
"521","44","May",81.95,1.82,"barbados"
"522","44","Jun",82.56,2.56,"barbados"
"523","44","Jul",82.58,3.53,"barbados"
"524","44","Aug",83.14,5.52,"barbados"
"525","44","Sep",83.62,4.18,"barbados"
"526","44","Nov",83.32,4.5,"barbados"
"527","44","Oct",82.29,2.91,"barbados"
"528","44","Dec",80.92,1.21,"barbados"
"529","45","Jan",73.85,1.86,"belize"
"530","45","Feb",76.42,1.33,"belize"
"531","45","Mar",78.6,1.22,"belize"
"532","45","Apr",82.96,1.13,"belize"
"533","45","May",83.77,2.68,"belize"
"534","45","Jun",82.71,5.28,"belize"
"535","45","Jul",82.99,3.28,"belize"
"536","45","Aug",83.59,3.77,"belize"
"537","45","Sep",82.76,4.49,"belize"
"538","45","Nov",80.04,4.5,"belize"
"539","45","Oct",76.64,3.61,"belize"
"540","45","Dec",75.11,1.74,"belize"
"541","46","Jan",79.72,5.12,"brazil"
"542","46","Feb",79.57,5.08,"brazil"
"543","46","Mar",78.93,5.31,"brazil"
"544","46","Apr",77.43,4.03,"brazil"
"545","46","May",75.49,3.02,"brazil"
"546","46","Jun",74.43,1.94,"brazil"
"547","46","Jul",74.53,1.48,"brazil"
"548","46","Aug",77.31,1.11,"brazil"
"549","46","Sep",80.31,1.26,"brazil"
"550","46","Nov",81.12,2.6,"brazil"
"551","46","Oct",80.31,3.83,"brazil"
"552","46","Dec",80.31,4.48,"brazil"
"553","47","Jan",8.83,2.07,"canada"
"554","47","Feb",9.75,1.61,"canada"
"555","47","Mar",19.02,1.65,"canada"
"556","47","Apr",32.07,1.92,"canada"
"557","47","May",47.84,1.81,"canada"
"558","47","Jun",57.09,2.39,"canada"
"559","47","Jul",63.39,2.07,"canada"
"560","47","Aug",61.59,2.07,"canada"
"561","47","Sep",52.29,1.99,"canada"
"562","47","Nov",39.51,2.24,"canada"
"563","47","Oct",23.95,2.31,"canada"
"564","47","Dec",13.77,2.29,"canada"
"565","48","Jan",66.2,2.51,"chile"
"566","48","Feb",65.64,2.53,"chile"
"567","48","Mar",63.36,2.53,"chile"
"568","48","Apr",59.25,2.86,"chile"
"569","48","May",55.29,5.41,"chile"
"570","48","Jun",51.24,8.04,"chile"
"571","48","Jul",49.71,6.45,"chile"
"572","48","Aug",51.37,6.39,"chile"
"573","48","Sep",53.96,3.71,"chile"
"574","48","Nov",56.71,3.2,"chile"
"575","48","Oct",60.57,2.51,"chile"
"576","48","Dec",63.59,2.67,"chile"
"577","49","Jan",75.94,7.39,"colombia"
"578","49","Feb",76.93,8.47,"colombia"
"579","49","Mar",76.93,13.99,"colombia"
"580","49","Apr",75.88,18.3,"colombia"
"581","49","May",75.2,18.63,"colombia"
"582","49","Jun",74.68,13.4,"colombia"
"583","49","Jul",74.62,12.73,"colombia"
"584","49","Aug",75.79,12.46,"colombia"
"585","49","Sep",76.26,13.52,"colombia"
"586","49","Nov",75.24,18.38,"colombia"
"587","49","Oct",74.61,17.25,"colombia"
"588","49","Dec",74.64,10.39,"colombia"
"589","50","Jan",73.09,1.51,"costa-rica"
"590","50","Feb",74.66,1.11,"costa-rica"
"591","50","Mar",75.9,1.19,"costa-rica"
"592","50","Apr",77.11,3.01,"costa-rica"
"593","50","May",76.15,10.7,"costa-rica"
"594","50","Jun",74.89,11.79,"costa-rica"
"595","50","Jul",74.19,9.79,"costa-rica"
"596","50","Aug",74.52,11.19,"costa-rica"
"597","50","Sep",74.26,11.95,"costa-rica"
"598","50","Nov",73.31,13.07,"costa-rica"
"599","50","Oct",72.7,6.77,"costa-rica"
"600","50","Dec",72.34,3.16,"costa-rica"
"601","51","Jan",74.88,1.91,"cuba"
"602","51","Feb",76.59,1.92,"cuba"
"603","51","Mar",77.61,1.57,"cuba"
"604","51","Apr",81.12,3.75,"cuba"
"605","51","May",82.24,8.03,"cuba"
"606","51","Jun",84.02,7.09,"cuba"
"607","51","Jul",84.88,7.34,"cuba"
"608","51","Aug",85.01,8.03,"cuba"
"609","51","Sep",83.68,9.36,"cuba"
"610","51","Nov",81.36,8.26,"cuba"
"611","51","Oct",77.81,3.19,"cuba"
"612","51","Dec",76.05,1.65,"cuba"
"613","52","Jan",78.94,1.47,"dominica"
"614","52","Feb",78.62,1.1,"dominica"
"615","52","Mar",78.98,1.09,"dominica"
"616","52","Apr",80.01,1.96,"dominica"
"617","52","May",81.37,2.45,"dominica"
"618","52","Jun",82.31,1.63,"dominica"
"619","52","Jul",82.35,2.84,"dominica"
"620","52","Aug",82.89,3.68,"dominica"
"621","52","Sep",83.34,3.5,"dominica"
"622","52","Nov",82.98,3.6,"dominica"
"623","52","Oct",81.82,3.24,"dominica"
"624","52","Dec",80.24,2.06,"dominica"
"625","53","Jan",75.18,1.03,"dominican-republic"
"626","53","Feb",75.94,1.04,"dominican-republic"
"627","53","Mar",76.59,1.68,"dominican-republic"
"628","53","Apr",78.6,2,"dominican-republic"
"629","53","May",79.86,3.44,"dominican-republic"
"630","53","Jun",81.46,2.15,"dominican-republic"
"631","53","Jul",81.77,2.87,"dominican-republic"
"632","53","Aug",82.08,3.21,"dominican-republic"
"633","53","Sep",81.61,3.68,"dominican-republic"
"634","53","Nov",80.42,3.33,"dominican-republic"
"635","53","Oct",77.77,2.72,"dominican-republic"
"636","53","Dec",75.85,1.25,"dominican-republic"
"637","54","Jan",63.5,5.6,"ecuador"
"638","54","Feb",64.02,6.96,"ecuador"
"639","54","Mar",64,7.65,"ecuador"
"640","54","Apr",63.72,7.06,"ecuador"
"641","54","May",63.34,5.31,"ecuador"
"642","54","Jun",61.9,3.28,"ecuador"
"643","54","Jul",61.12,2.83,"ecuador"
"644","54","Aug",61.74,2,"ecuador"
"645","54","Sep",62.8,2.83,"ecuador"
"646","54","Nov",63.41,4.39,"ecuador"
"647","54","Oct",63.79,5.28,"ecuador"
"648","54","Dec",63.45,5.66,"ecuador"
"649","55","Jan",79.47,0.05,"el-salvador"
"650","55","Feb",81.57,0.19,"el-salvador"
"651","55","Mar",83.64,0.25,"el-salvador"
"652","55","Apr",84.9,1.64,"el-salvador"
"653","55","May",83.32,8.63,"el-salvador"
"654","55","Jun",81.21,7.54,"el-salvador"
"655","55","Jul",82.02,4,"el-salvador"
"656","55","Aug",81.45,6.09,"el-salvador"
"657","55","Sep",79.99,6.45,"el-salvador"
"658","55","Nov",78.69,6.86,"el-salvador"
"659","55","Oct",78.69,1.69,"el-salvador"
"660","55","Dec",78.98,0.2,"el-salvador"
"661","56","Jan",80.11,1.52,"grenada"
"662","56","Feb",79.61,0.97,"grenada"
"663","56","Mar",79.81,1.12,"grenada"
"664","56","Apr",80.67,1.01,"grenada"
"665","56","May",81.82,1.48,"grenada"
"666","56","Jun",82.15,2.6,"grenada"
"667","56","Jul",82.27,3.13,"grenada"
"668","56","Aug",83.07,3.98,"grenada"
"669","56","Sep",83.71,3.96,"grenada"
"670","56","Nov",83.26,3.94,"grenada"
"671","56","Oct",82.51,3.8,"grenada"
"672","56","Dec",81.23,2.24,"grenada"
"673","57","Jan",67.35,1.13,"guatemala"
"674","57","Feb",69.87,1,"guatemala"
"675","57","Mar",72.25,1.4,"guatemala"
"676","57","Apr",75.13,3.3,"guatemala"
"677","57","May",74.53,10.13,"guatemala"
"678","57","Jun",72.34,11.3,"guatemala"
"679","57","Jul",72.1,6.93,"guatemala"
"680","57","Aug",72.25,9.14,"guatemala"
"681","57","Sep",71.35,10.63,"guatemala"
"682","57","Nov",69.8,8.21,"guatemala"
"683","57","Oct",68.38,3.63,"guatemala"
"684","57","Dec",67.73,1.19,"guatemala"
"685","58","Jan",80.53,2.42,"guyana"
"686","58","Feb",80.47,2.23,"guyana"
"687","58","Mar",82.08,1.86,"guyana"
"688","58","Apr",82.33,3.27,"guyana"
"689","58","May",81.32,6.91,"guyana"
"690","58","Jun",80.89,7.3,"guyana"
"691","58","Jul",81.14,6.4,"guyana"
"692","58","Aug",82.74,5.25,"guyana"
"693","58","Sep",84.22,3.48,"guyana"
"694","58","Nov",84.49,3.27,"guyana"
"695","58","Oct",83.03,4.83,"guyana"
"696","58","Dec",81.1,4.59,"guyana"
"697","59","Jan",76.42,0.77,"haiti"
"698","59","Feb",77.29,0.95,"haiti"
"699","59","Mar",77.54,1.57,"haiti"
"700","59","Apr",79.29,2.49,"haiti"
"701","59","May",80.55,4.13,"haiti"
"702","59","Jun",82.18,2.28,"haiti"
"703","59","Jul",82.4,2.95,"haiti"
"704","59","Aug",82.49,3.17,"haiti"
"705","59","Sep",81.91,3.95,"haiti"
"706","59","Nov",80.69,4,"haiti"
"707","59","Oct",78.3,2.52,"haiti"
"708","59","Dec",76.87,0.81,"haiti"
"709","60","Jan",71.96,4.03,"honduras"
"710","60","Feb",74.32,2.81,"honduras"
"711","60","Mar",76.5,2.99,"honduras"
"712","60","Apr",79.88,5.74,"honduras"
"713","60","May",79.32,17.23,"honduras"
"714","60","Jun",77.61,16.64,"honduras"
"715","60","Jul",77.49,11.05,"honduras"
"716","60","Aug",77.88,14.07,"honduras"
"717","60","Sep",77.05,17.6,"honduras"
"718","60","Nov",74.93,16.93,"honduras"
"719","60","Oct",72.82,7.94,"honduras"
"720","60","Dec",71.94,3.57,"honduras"
"721","61","Jan",77.22,3.45,"jamaica"
"722","61","Feb",77.47,3.06,"jamaica"
"723","61","Mar",77.81,3.72,"jamaica"
"724","61","Apr",79.63,5.53,"jamaica"
"725","61","May",80.8,9.39,"jamaica"
"726","61","Jun",82.06,6.56,"jamaica"
"727","61","Jul",82.67,6.84,"jamaica"
"728","61","Aug",83.07,8.33,"jamaica"
"729","61","Sep",82.85,9.67,"jamaica"
"730","61","Nov",81.81,10.7,"jamaica"
"731","61","Oct",79.77,7.26,"jamaica"
"732","61","Dec",78.3,4.11,"jamaica"
"733","62","Jan",63.19,1.33,"mexico"
"734","62","Feb",66.94,1.39,"mexico"
"735","62","Mar",71.1,1.58,"mexico"
"736","62","Apr",75.4,1.94,"mexico"
"737","62","May",77.9,4.91,"mexico"
"738","62","Jun",77.23,9.43,"mexico"
"739","62","Jul",75.79,11.35,"mexico"
"740","62","Aug",75.81,11.18,"mexico"
"741","62","Sep",73.69,11.58,"mexico"
"742","62","Nov",71.29,5.94,"mexico"
"743","62","Oct",67.21,2.48,"mexico"
"744","62","Dec",64.29,1.08,"mexico"
"745","63","Jan",77.47,1.55,"nicaragua"
"746","63","Feb",79.14,1.31,"nicaragua"
"747","63","Mar",81.19,1.18,"nicaragua"
"748","63","Apr",83.82,3.49,"nicaragua"
"749","63","May",82.74,14.64,"nicaragua"
"750","63","Jun",80.06,14.99,"nicaragua"
"751","63","Jul",79.54,10.5,"nicaragua"
"752","63","Aug",80.1,14.26,"nicaragua"
"753","63","Sep",79.72,16.17,"nicaragua"
"754","63","Nov",78.24,20.04,"nicaragua"
"755","63","Oct",77.25,7.81,"nicaragua"
"756","63","Dec",76.73,2.76,"nicaragua"
"757","64","Jan",79.48,2.37,"panama"
"758","64","Feb",80.6,2.09,"panama"
"759","64","Mar",81.54,3.31,"panama"
"760","64","Apr",82.4,7.55,"panama"
"761","64","May",81.54,15.22,"panama"
"762","64","Jun",80.92,14.19,"panama"
"763","64","Jul",80.35,13.98,"panama"
"764","64","Aug",80.47,14.54,"panama"
"765","64","Sep",80.15,15.03,"panama"
"766","64","Nov",79.29,16.48,"panama"
"767","64","Oct",78.87,12.51,"panama"
"768","64","Dec",78.78,7.28,"panama"
"769","65","Jan",86.56,7.62,"paraguay"
"770","65","Feb",85.21,6.73,"paraguay"
"771","65","Mar",81.81,6.37,"paraguay"
"772","65","Apr",76.6,6.46,"paraguay"
"773","65","May",69.08,6.62,"paraguay"
"774","65","Jun",65.88,4.26,"paraguay"
"775","65","Jul",65.28,3.5,"paraguay"
"776","65","Aug",70.57,2.04,"paraguay"
"777","65","Sep",76.41,3.44,"paraguay"
"778","65","Nov",80.31,7.94,"paraguay"
"779","65","Oct",82.26,7.11,"paraguay"
"780","65","Dec",85.24,7.4,"paraguay"
"781","66","Jan",64.54,7.64,"peru"
"782","66","Feb",64.85,9,"peru"
"783","66","Mar",65.08,8.09,"peru"
"784","66","Apr",64.56,4.87,"peru"
"785","66","May",63.7,2.98,"peru"
"786","66","Jun",62.06,1.58,"peru"
"787","66","Jul",61.34,1.39,"peru"
"788","66","Aug",62.51,1.46,"peru"
"789","66","Sep",63.73,2.79,"peru"
"790","66","Nov",64,5.05,"peru"
"791","66","Oct",64.54,5.32,"peru"
"792","66","Dec",63.99,7.24,"peru"
"793","67","Jan",78.67,2.24,"saint-kitts-and-nevis"
"794","67","Feb",78.24,2.16,"saint-kitts-and-nevis"
"795","67","Mar",78.13,2.27,"saint-kitts-and-nevis"
"796","67","Apr",79.12,3.26,"saint-kitts-and-nevis"
"797","67","May",80.56,5.82,"saint-kitts-and-nevis"
"798","67","Jun",81.95,3.15,"saint-kitts-and-nevis"
"799","67","Jul",82.24,4.47,"saint-kitts-and-nevis"
"800","67","Aug",82.85,6.36,"saint-kitts-and-nevis"
"801","67","Sep",83.25,7.4,"saint-kitts-and-nevis"
"802","67","Nov",82.85,7.8,"saint-kitts-and-nevis"
"803","67","Oct",81.59,6.55,"saint-kitts-and-nevis"
"804","67","Dec",79.93,3.94,"saint-kitts-and-nevis"
"805","68","Jan",79.86,2.03,"saint-lucia"
"806","68","Feb",79.63,1.6,"saint-lucia"
"807","68","Mar",79.9,1.89,"saint-lucia"
"808","68","Apr",81,2.5,"saint-lucia"
"809","68","May",82.35,2.97,"saint-lucia"
"810","68","Jun",82.87,4.14,"saint-lucia"
"811","68","Jul",82.98,5.74,"saint-lucia"
"812","68","Aug",83.71,6.31,"saint-lucia"
"813","68","Sep",84.36,6.7,"saint-lucia"
"814","68","Nov",83.73,7.27,"saint-lucia"
"815","68","Oct",82.47,5.05,"saint-lucia"
"816","68","Dec",80.91,3.05,"saint-lucia"
"817","69","Jan",78.33,1.64,"saint-vincent-and-the-grenadines"
"818","69","Feb",77.88,1.28,"saint-vincent-and-the-grenadines"
"819","69","Mar",78.17,1.48,"saint-vincent-and-the-grenadines"
"820","69","Apr",79.09,2.16,"saint-vincent-and-the-grenadines"
"821","69","May",80.2,2.32,"saint-vincent-and-the-grenadines"
"822","69","Jun",80.74,3.36,"saint-vincent-and-the-grenadines"
"823","69","Jul",80.85,4.29,"saint-vincent-and-the-grenadines"
"824","69","Aug",81.54,5.34,"saint-vincent-and-the-grenadines"
"825","69","Sep",82.17,5.7,"saint-vincent-and-the-grenadines"
"826","69","Nov",81.73,6.01,"saint-vincent-and-the-grenadines"
"827","69","Oct",80.91,4.67,"saint-vincent-and-the-grenadines"
"828","69","Dec",79.61,2.69,"saint-vincent-and-the-grenadines"
"829","70","Jan",79.95,7.01,"suriname"
"830","70","Feb",79.68,8.64,"suriname"
"831","70","Mar",80.53,6.37,"suriname"
"832","70","Apr",80.96,9.34,"suriname"
"833","70","May",80.8,17.4,"suriname"
"834","70","Jun",80.83,15.03,"suriname"
"835","70","Jul",81.19,12.46,"suriname"
"836","70","Aug",82.65,9.67,"suriname"
"837","70","Sep",83.73,5.83,"suriname"
"838","70","Nov",84.04,5.11,"suriname"
"839","70","Oct",82.92,8.25,"suriname"
"840","70","Dec",80.89,10.67,"suriname"
"841","71","Jan",79.79,2.43,"trinidad-and-tobago"
"842","71","Feb",79.97,1.74,"trinidad-and-tobago"
"843","71","Mar",80.65,1.66,"trinidad-and-tobago"
"844","71","Apr",81.73,1.84,"trinidad-and-tobago"
"845","71","May",82.6,2.44,"trinidad-and-tobago"
"846","71","Jun",82.2,5.38,"trinidad-and-tobago"
"847","71","Jul",82.26,7.1,"trinidad-and-tobago"
"848","71","Aug",83.25,9.19,"trinidad-and-tobago"
"849","71","Sep",83.88,7.53,"trinidad-and-tobago"
"850","71","Nov",83.32,8.11,"trinidad-and-tobago"
"851","71","Oct",82.33,7.05,"trinidad-and-tobago"
"852","71","Dec",80.8,5.3,"trinidad-and-tobago"
"853","72","Jan",78.44,4.97,"uruguay"
"854","72","Feb",77.05,6.62,"uruguay"
"855","72","Mar",72.16,4.11,"uruguay"
"856","72","Apr",66.45,4.69,"uruguay"
"857","72","May",59.94,4.95,"uruguay"
"858","72","Jun",54.81,5.01,"uruguay"
"859","72","Jul",53.04,5.95,"uruguay"
"860","72","Aug",56.1,6.34,"uruguay"
"861","72","Sep",59.34,6.15,"uruguay"
"862","72","Nov",63.88,6.11,"uruguay"
"863","72","Oct",69.71,4.8,"uruguay"
"864","72","Dec",75.31,4.95,"uruguay"
"865","73","Jan",35.65,0.91,"afghanistan"
"866","73","Feb",38.19,1.62,"afghanistan"
"867","73","Mar",50.25,1.53,"afghanistan"
"868","73","Apr",61.66,1.44,"afghanistan"
"869","73","May",72.16,0.96,"afghanistan"
"870","73","Jun",80.08,0.28,"afghanistan"
"871","73","Jul",83.17,0.51,"afghanistan"
"872","73","Aug",80.02,0.58,"afghanistan"
"873","73","Sep",73,0.23,"afghanistan"
"874","73","Nov",61.68,0.27,"afghanistan"
"875","73","Oct",48.09,0.66,"afghanistan"
"876","73","Dec",39.15,0.35,"afghanistan"
"877","74","Jan",66.92,0.43,"bahrain"
"878","74","Feb",67.26,0.4,"bahrain"
"879","74","Mar",72.16,0.4,"bahrain"
"880","74","Apr",79.07,0.43,"bahrain"
"881","74","May",87.96,0.07,"bahrain"
"882","74","Jun",93.11,0,"bahrain"
"883","74","Jul",95.63,0,"bahrain"
"884","74","Aug",95.59,0.01,"bahrain"
"885","74","Sep",93.47,0,"bahrain"
"886","74","Nov",87.85,0.03,"bahrain"
"887","74","Oct",78.67,0.55,"bahrain"
"888","74","Dec",70.7,0.27,"bahrain"
"889","75","Jan",76.53,0.36,"djibouti"
"890","75","Feb",77,0.49,"djibouti"
"891","75","Mar",79.65,0.42,"djibouti"
"892","75","Apr",83.73,0.38,"djibouti"
"893","75","May",89.28,0.23,"djibouti"
"894","75","Jun",95.09,0.04,"djibouti"
"895","75","Jul",95.63,0.41,"djibouti"
"896","75","Aug",94.37,0.85,"djibouti"
"897","75","Sep",92.19,0.29,"djibouti"
"898","75","Nov",85.46,0.25,"djibouti"
"899","75","Oct",81,1.11,"djibouti"
"900","75","Dec",77.81,0.33,"djibouti"
"901","76","Jan",59.83,0.27,"egypt"
"902","76","Feb",63.73,0.19,"egypt"
"903","76","Mar",69.4,0.18,"egypt"
"904","76","Apr",75.96,0.07,"egypt"
"905","76","May",83.61,0.06,"egypt"
"906","76","Jun",87.94,0.01,"egypt"
"907","76","Jul",89.87,0,"egypt"
"908","76","Aug",90.21,0,"egypt"
"909","76","Sep",86.41,0.01,"egypt"
"910","76","Nov",80.22,0.14,"egypt"
"911","76","Oct",71.44,0.22,"egypt"
"912","76","Dec",63.21,0.21,"egypt"
"913","77","Jan",54.57,1.93,"iraq"
"914","77","Feb",58.35,1.62,"iraq"
"915","77","Mar",67.23,2.19,"iraq"
"916","77","Apr",77.97,1.48,"iraq"
"917","77","May",90.01,1.07,"iraq"
"918","77","Jun",99.57,0.04,"iraq"
"919","77","Jul",104.68,0.01,"iraq"
"920","77","Aug",103.87,0.01,"iraq"
"921","77","Sep",96.42,0.04,"iraq"
"922","77","Nov",83.88,0.98,"iraq"
"923","77","Oct",67.87,1.65,"iraq"
"924","77","Dec",57.78,1.74,"iraq"
"925","78","Jan",53.1,1.16,"jordan"
"926","78","Feb",56.75,0.97,"jordan"
"927","78","Mar",63.1,0.65,"jordan"
"928","78","Apr",70.54,0.31,"jordan"
"929","78","May",79.07,0.2,"jordan"
"930","78","Jun",83.8,0.05,"jordan"
"931","78","Jul",87.22,0,"jordan"
"932","78","Aug",87.1,0,"jordan"
"933","78","Sep",83.59,0.04,"jordan"
"934","78","Nov",76.24,0.3,"jordan"
"935","78","Oct",65.7,0.46,"jordan"
"936","78","Dec",56.71,0.77,"jordan"
"937","79","Jan",61.57,0.56,"kuwait"
"938","79","Feb",64.13,0.47,"kuwait"
"939","79","Mar",72.09,0.9,"kuwait"
"940","79","Apr",81.12,0.81,"kuwait"
"941","79","May",92.8,0.44,"kuwait"
"942","79","Jun",101.48,0,"kuwait"
"943","79","Jul",104.09,0,"kuwait"
"944","79","Aug",103.6,0,"kuwait"
"945","79","Sep",98.78,0,"kuwait"
"946","79","Nov",88.56,0.23,"kuwait"
"947","79","Oct",74.1,1.76,"kuwait"
"948","79","Dec",64.35,0.88,"kuwait"
"949","80","Jan",51.73,7.01,"lebanon"
"950","80","Feb",54.23,4.2,"lebanon"
"951","80","Mar",58.55,2.91,"lebanon"
"952","80","Apr",64.49,1.45,"lebanon"
"953","80","May",71.74,1.29,"lebanon"
"954","80","Jun",76.89,0.25,"lebanon"
"955","80","Jul",81.19,0.05,"lebanon"
"956","80","Aug",81.88,0.06,"lebanon"
"957","80","Sep",79.34,0.44,"lebanon"
"958","80","Nov",73.4,1.53,"lebanon"
"959","80","Oct",64.65,2.14,"lebanon"
"960","80","Dec",56.21,5.47,"lebanon"
"961","81","Jan",58.03,1.02,"libya"
"962","81","Feb",60.91,0.9,"libya"
"963","81","Mar",67.06,0.63,"libya"
"964","81","Apr",74.68,0.39,"libya"
"965","81","May",81.1,0.33,"libya"
"966","81","Jun",86.5,0.23,"libya"
"967","81","Jul",88.63,0.01,"libya"
"968","81","Aug",88.54,0.04,"libya"
"969","81","Sep",85.68,0.35,"libya"
"970","81","Nov",78.73,0.76,"libya"
"971","81","Oct",69.24,0.87,"libya"
"972","81","Dec",60.44,1.15,"libya"
"973","82","Jan",56.19,1.69,"morocco"
"974","82","Feb",57.99,1.8,"morocco"
"975","82","Mar",62.38,2.31,"morocco"
"976","82","Apr",67.64,1.57,"morocco"
"977","82","May",74.21,1.24,"morocco"
"978","82","Jun",79.77,0.38,"morocco"
"979","82","Jul",86.16,0.24,"morocco"
"980","82","Aug",87.19,0.64,"morocco"
"981","82","Sep",79.95,0.98,"morocco"
"982","82","Nov",73.54,1.56,"morocco"
"983","82","Oct",63.84,2.31,"morocco"
"984","82","Dec",58.69,1.06,"morocco"
"985","83","Jan",69.57,0.38,"oman"
"986","83","Feb",72.23,0.35,"oman"
"987","83","Mar",78.84,0.44,"oman"
"988","83","Apr",86.83,0.69,"oman"
"989","83","May",93.07,0.47,"oman"
"990","83","Jun",96.49,0.52,"oman"
"991","83","Jul",95.76,0.41,"oman"
"992","83","Aug",94.14,0.52,"oman"
"993","83","Sep",91.54,0.06,"oman"
"994","83","Nov",86.31,0.31,"oman"
"995","83","Oct",78.04,0.55,"oman"
"996","83","Dec",71.96,0.28,"oman"
"997","84","Jan",47.03,1.54,"pakistan"
"998","84","Feb",51.73,3.68,"pakistan"
"999","84","Mar",61.93,3.62,"pakistan"
"1000","84","Apr",72.88,2.95,"pakistan"
"1001","84","May",82.24,1.95,"pakistan"
"1002","84","Jun",87.55,2.09,"pakistan"
"1003","84","Jul",86.94,4.95,"pakistan"
"1004","84","Aug",83.75,5.47,"pakistan"
"1005","84","Sep",79.74,2.42,"pakistan"
"1006","84","Nov",71.65,1,"pakistan"
"1007","84","Oct",59.32,0.94,"pakistan"
"1008","84","Dec",50.4,0.68,"pakistan"
"1009","85","Jan",68.22,0.57,"qatar"
"1010","85","Feb",69.44,0.67,"qatar"
"1011","85","Mar",75.33,0.91,"qatar"
"1012","85","Apr",83.62,0.76,"qatar"
"1013","85","May",93.15,0.12,"qatar"
"1014","85","Jun",98.49,0,"qatar"
"1015","85","Jul",100.33,0,"qatar"
"1016","85","Aug",99.77,0.02,"qatar"
"1017","85","Sep",96.55,0,"qatar"
"1018","85","Nov",89.76,0.03,"qatar"
"1019","85","Oct",79.92,0.77,"qatar"
"1020","85","Dec",71.78,0.4,"qatar"
"1021","86","Jan",62.71,0.42,"saudi-arabia"
"1022","86","Feb",66.63,0.36,"saudi-arabia"
"1023","86","Mar",73.54,0.55,"saudi-arabia"
"1024","86","Apr",80.85,1.08,"saudi-arabia"
"1025","86","May",88.88,0.74,"saudi-arabia"
"1026","86","Jun",94.01,0.1,"saudi-arabia"
"1027","86","Jul",95.63,0.27,"saudi-arabia"
"1028","86","Aug",95,0.65,"saudi-arabia"
"1029","86","Sep",91.26,0.21,"saudi-arabia"
"1030","86","Nov",82.56,0.43,"saudi-arabia"
"1031","86","Oct",71.74,0.85,"saudi-arabia"
"1032","86","Dec",64.53,0.37,"saudi-arabia"
"1033","87","Jan",79.77,0.15,"somalia"
"1034","87","Feb",81.46,0.28,"somalia"
"1035","87","Mar",83.84,1.62,"somalia"
"1036","87","Apr",84.51,5.69,"somalia"
"1037","87","May",83.98,5.98,"somalia"
"1038","87","Jun",83.08,1.15,"somalia"
"1039","87","Jul",81.46,1.01,"somalia"
"1040","87","Aug",82.13,1.26,"somalia"
"1041","87","Sep",83.5,1.48,"somalia"
"1042","87","Nov",82.22,4.82,"somalia"
"1043","87","Oct",80.87,4.08,"somalia"
"1044","87","Dec",80.02,0.93,"somalia"
"1045","88","Jan",76.08,0,"sudan"
"1046","88","Feb",81.36,0.01,"sudan"
"1047","88","Mar",86.58,0.12,"sudan"
"1048","88","Apr",91.45,0.11,"sudan"
"1049","88","May",93.58,1.17,"sudan"
"1050","88","Jun",92.48,2,"sudan"
"1051","88","Jul",88.12,5.15,"sudan"
"1052","88","Aug",85.87,8.5,"sudan"
"1053","88","Sep",88.52,2.98,"sudan"
"1054","88","Nov",88.66,1.14,"sudan"
"1055","88","Oct",82.96,0.04,"sudan"
"1056","88","Dec",77.25,0.01,"sudan"
"1057","89","Jan",54.41,1.38,"tunisia"
"1058","89","Feb",55.29,1.68,"tunisia"
"1059","89","Mar",59.83,2.48,"tunisia"
"1060","89","Apr",66,1.49,"tunisia"
"1061","89","May",72.73,1.1,"tunisia"
"1062","89","Jun",81.25,0.56,"tunisia"
"1063","89","Jul",87.24,0.25,"tunisia"
"1064","89","Aug",87.12,0.63,"tunisia"
"1065","89","Sep",81.05,1.64,"tunisia"
"1066","89","Nov",73.83,2.15,"tunisia"
"1067","89","Oct",64.13,2.06,"tunisia"
"1068","89","Dec",56.68,1.61,"tunisia"
"1069","90","Jan",70.47,0.54,"united-arab-emirates"
"1070","90","Feb",72.09,0.31,"united-arab-emirates"
"1071","90","Mar",77.31,0.47,"united-arab-emirates"
"1072","90","Apr",85.08,0.32,"united-arab-emirates"
"1073","90","May",92.37,0.04,"united-arab-emirates"
"1074","90","Jun",96.75,0.01,"united-arab-emirates"
"1075","90","Jul",98.37,0.01,"united-arab-emirates"
"1076","90","Aug",97.48,0.1,"united-arab-emirates"
"1077","90","Sep",94.6,0,"united-arab-emirates"
"1078","90","Nov",88.83,0.06,"united-arab-emirates"
"1079","90","Oct",80.29,0.33,"united-arab-emirates"
"1080","90","Dec",73.67,0.26,"united-arab-emirates"
"1081","91","Jan",69.67,0.62,"yemen"
"1082","91","Feb",72.14,1,"yemen"
"1083","91","Mar",75.99,2.61,"yemen"
"1084","91","Apr",79.45,5.25,"yemen"
"1085","91","May",82.58,6.19,"yemen"
"1086","91","Jun",85.05,2.64,"yemen"
"1087","91","Jul",84.06,4.87,"yemen"
"1088","91","Aug",83.01,7.76,"yemen"
"1089","91","Sep",82.36,4.43,"yemen"
"1090","91","Nov",77.9,1.71,"yemen"
"1091","91","Oct",73.58,1.46,"yemen"
"1092","91","Dec",69.75,0.53,"yemen"
"1093","92","Jan",40.71,3.45,"albania"
"1094","92","Feb",44.17,3.29,"albania"
"1095","92","Mar",49.68,3.08,"albania"
"1096","92","Apr",56.77,2.48,"albania"
"1097","92","May",63.48,2.84,"albania"
"1098","92","Jun",72.09,1.82,"albania"
"1099","92","Jul",77.61,1.23,"albania"
"1100","92","Aug",78.96,0.98,"albania"
"1101","92","Sep",70.25,2.28,"albania"
"1102","92","Nov",61.21,3.05,"albania"
"1103","92","Oct",52.97,4.31,"albania"
"1104","92","Dec",43.72,4.17,"albania"
"1105","93","Jan",30.06,1.79,"andorra"
"1106","93","Feb",29.52,1.07,"andorra"
"1107","93","Mar",34.97,1.91,"andorra"
"1108","93","Apr",42.22,2.47,"andorra"
"1109","93","May",48.78,2.4,"andorra"
"1110","93","Jun",57.63,2.34,"andorra"
"1111","93","Jul",63.34,2.05,"andorra"
"1112","93","Aug",62.28,1.8,"andorra"
"1113","93","Sep",54.21,1.67,"andorra"
"1114","93","Nov",47.03,2.22,"andorra"
"1115","93","Oct",36.7,1.76,"andorra"
"1116","93","Dec",32.05,1.68,"andorra"
"1117","94","Jan",27.34,2.4,"armenia"
"1118","94","Feb",29.62,2.44,"armenia"
"1119","94","Mar",38.14,3.57,"armenia"
"1120","94","Apr",48.67,4.83,"armenia"
"1121","94","May",59.7,7.11,"armenia"
"1122","94","Jun",68.43,6.54,"armenia"
"1123","94","Jul",73.31,4.74,"armenia"
"1124","94","Aug",72.18,3.6,"armenia"
"1125","94","Sep",64.63,3.48,"armenia"
"1126","94","Nov",53.47,2.91,"armenia"
"1127","94","Oct",41.11,1.69,"armenia"
"1128","94","Dec",32.02,1.99,"armenia"
"1129","95","Jan",28.6,2.06,"austria"
"1130","95","Feb",30.51,1.78,"austria"
"1131","95","Mar",38.97,1.83,"austria"
"1132","95","Apr",48.78,1.58,"austria"
"1133","95","May",55.06,3.46,"austria"
"1134","95","Jun",63.79,3.31,"austria"
"1135","95","Jul",67.06,3.33,"austria"
"1136","95","Aug",66.34,3.22,"austria"
"1137","95","Sep",57.27,2.61,"austria"
"1138","95","Nov",47.98,2.12,"austria"
"1139","95","Oct",39.04,1.61,"austria"
"1140","95","Dec",31.1,1.9,"austria"
"1141","96","Jan",36.99,0.82,"azerbaijan"
"1142","96","Feb",38.01,0.88,"azerbaijan"
"1143","96","Mar",46.17,1.04,"azerbaijan"
"1144","96","Apr",54.79,1.32,"azerbaijan"
"1145","96","May",67.06,1.61,"azerbaijan"
"1146","96","Jun",76.5,1.04,"azerbaijan"
"1147","96","Jul",80.87,0.71,"azerbaijan"
"1148","96","Aug",79.2,0.65,"azerbaijan"
"1149","96","Sep",70.48,0.78,"azerbaijan"
"1150","96","Nov",59.09,0.98,"azerbaijan"
"1151","96","Oct",47.28,0.97,"azerbaijan"
"1152","96","Dec",40.15,0.75,"azerbaijan"
"1153","97","Jan",23.05,1.03,"belarus"
"1154","97","Feb",26.55,0.85,"belarus"
"1155","97","Mar",35.11,0.88,"belarus"
"1156","97","Apr",48.76,0.84,"belarus"
"1157","97","May",60.55,1.88,"belarus"
"1158","97","Jun",67.41,1.84,"belarus"
"1159","97","Jul",70.05,1.99,"belarus"
"1160","97","Aug",69.04,1.38,"belarus"
"1161","97","Sep",58.39,1.06,"belarus"
"1162","97","Nov",45.97,1.07,"belarus"
"1163","97","Oct",37,0.91,"belarus"
"1164","97","Dec",29.17,1.01,"belarus"
"1165","98","Jan",37.81,1.54,"belgium"
"1166","98","Feb",38.95,1.56,"belgium"
"1167","98","Mar",44.92,1.57,"belgium"
"1168","98","Apr",52.66,0.92,"belgium"
"1169","98","May",57.97,1.48,"belgium"
"1170","98","Jun",64.22,1.63,"belgium"
"1171","98","Jul",67.77,1.35,"belgium"
"1172","98","Aug",67.06,1.6,"belgium"
"1173","98","Sep",60.66,1.17,"belgium"
"1174","98","Nov",53.24,1.42,"belgium"
"1175","98","Oct",45.14,1.33,"belgium"
"1176","98","Dec",40.14,2.09,"belgium"
"1177","99","Jan",33.8,2.36,"bosnia-and-herzegovina"
"1178","99","Feb",36.99,2.79,"bosnia-and-herzegovina"
"1179","99","Mar",45.23,2.64,"bosnia-and-herzegovina"
"1180","99","Apr",54.46,2.45,"bosnia-and-herzegovina"
"1181","99","May",60.64,3.84,"bosnia-and-herzegovina"
"1182","99","Jun",69.24,3.18,"bosnia-and-herzegovina"
"1183","99","Jul",73.6,2.11,"bosnia-and-herzegovina"
"1184","99","Aug",74.43,1.48,"bosnia-and-herzegovina"
"1185","99","Sep",64.42,2.01,"bosnia-and-herzegovina"
"1186","99","Nov",54.84,2.27,"bosnia-and-herzegovina"
"1187","99","Oct",46.2,2.72,"bosnia-and-herzegovina"
"1188","99","Dec",36.28,3.01,"bosnia-and-herzegovina"
"1189","100","Jan",32.85,1.35,"bulgaria"
"1190","100","Feb",38.07,1.34,"bulgaria"
"1191","100","Mar",46.53,1.62,"bulgaria"
"1192","100","Apr",55.36,1.58,"bulgaria"
"1193","100","May",63.82,2.35,"bulgaria"
"1194","100","Jun",71.53,2.73,"bulgaria"
"1195","100","Jul",76.32,1.85,"bulgaria"
"1196","100","Aug",77.7,0.94,"bulgaria"
"1197","100","Sep",69.26,0.92,"bulgaria"
"1198","100","Nov",56.97,1.38,"bulgaria"
"1199","100","Oct",47.75,0.91,"bulgaria"
"1200","100","Dec",37.33,1.28,"bulgaria"
"1201","101","Jan",36.52,4.32,"croatia"
"1202","101","Feb",38.77,5.67,"croatia"
"1203","101","Mar",47.37,4.2,"croatia"
"1204","101","Apr",56.35,3.73,"croatia"
"1205","101","May",62.58,7.08,"croatia"
"1206","101","Jun",71.49,5.49,"croatia"
"1207","101","Jul",75.87,4.29,"croatia"
"1208","101","Aug",76.3,3.32,"croatia"
"1209","101","Sep",66.33,5.59,"croatia"
"1210","101","Nov",56.71,4.95,"croatia"
"1211","101","Oct",48.06,5.8,"croatia"
"1212","101","Dec",39.27,4.2,"croatia"
"1213","102","Jan",56.16,1.52,"cyprus"
"1214","102","Feb",57.42,1.07,"cyprus"
"1215","102","Mar",60.89,0.72,"cyprus"
"1216","102","Apr",66.33,0.51,"cyprus"
"1217","102","May",73.78,0.48,"cyprus"
"1218","102","Jun",80.17,0.2,"cyprus"
"1219","102","Jul",85.57,0.02,"cyprus"
"1220","102","Aug",86.36,0.05,"cyprus"
"1221","102","Sep",82.62,0.2,"cyprus"
"1222","102","Nov",75.6,0.71,"cyprus"
"1223","102","Oct",67.78,0.73,"cyprus"
"1224","102","Dec",60.19,1.55,"cyprus"
"1225","103","Jan",29.73,1.23,"czechia"
"1226","103","Feb",32.23,1.02,"czechia"
"1227","103","Mar",41.25,1.01,"czechia"
"1228","103","Apr",51.55,0.89,"czechia"
"1229","103","May",58.1,2.24,"czechia"
"1230","103","Jun",66,2.33,"czechia"
"1231","103","Jul",69.49,2.3,"czechia"
"1232","103","Aug",69.28,1.92,"czechia"
"1233","103","Sep",59.9,1.54,"czechia"
"1234","103","Nov",49.93,1.3,"czechia"
"1235","103","Oct",40.91,0.89,"czechia"
"1236","103","Dec",33.21,0.96,"czechia"
"1237","104","Jan",35.1,1.37,"denmark"
"1238","104","Feb",35.15,1.23,"denmark"
"1239","104","Mar",39.87,1.11,"denmark"
"1240","104","Apr",47.66,0.68,"denmark"
"1241","104","May",55.54,1.06,"denmark"
"1242","104","Jun",61.75,1.37,"denmark"
"1243","104","Jul",65.35,1.76,"denmark"
"1244","104","Aug",64.94,1.74,"denmark"
"1245","104","Sep",58.93,1.3,"denmark"
"1246","104","Nov",51.15,1.3,"denmark"
"1247","104","Oct",43.66,0.99,"denmark"
"1248","104","Dec",38.52,1.41,"denmark"
"1249","105","Jan",24.46,1.46,"estonia"
"1250","105","Feb",25.95,1.47,"estonia"
"1251","105","Mar",31.82,1.37,"estonia"
"1252","105","Apr",42.84,1.16,"estonia"
"1253","105","May",55.08,1.54,"estonia"
"1254","105","Jun",62.46,1.82,"estonia"
"1255","105","Jul",67.75,2.18,"estonia"
"1256","105","Aug",65.46,2.04,"estonia"
"1257","105","Sep",56.7,1.7,"estonia"
"1258","105","Nov",44.94,1.79,"estonia"
"1259","105","Oct",37.72,1.68,"estonia"
"1260","105","Dec",31.01,1.66,"estonia"
"1261","106","Jan",20.59,1.26,"finland"
"1262","106","Feb",22.35,1.22,"finland"
"1263","106","Mar",28.02,1.2,"finland"
"1264","106","Apr",38.32,1.01,"finland"
"1265","106","May",51.55,1.43,"finland"
"1266","106","Jun",59.61,1.49,"finland"
"1267","106","Jul",65.71,1.99,"finland"
"1268","106","Aug",62.69,1.7,"finland"
"1269","106","Sep",53.67,1.53,"finland"
"1270","106","Nov",41.52,1.57,"finland"
"1271","106","Oct",34.29,1.46,"finland"
"1272","106","Dec",27.48,1.52,"finland"
"1273","107","Jan",39.63,1.7,"france"
"1274","107","Feb",40.53,1.65,"france"
"1275","107","Mar",46.58,1.6,"france"
"1276","107","Apr",53.38,1.58,"france"
"1277","107","May",58.68,2.06,"france"
"1278","107","Jun",65.95,2.02,"france"
"1279","107","Jul",70.34,1.49,"france"
"1280","107","Aug",69.87,1.48,"france"
"1281","107","Sep",63.39,1.26,"france"
"1282","107","Nov",55.53,1.99,"france"
"1283","107","Oct",47.08,1.95,"france"
"1284","107","Dec",41.7,2.28,"france"
"1285","108","Jan",33.82,1.81,"georgia"
"1286","108","Feb",35.67,1.86,"georgia"
"1287","108","Mar",42.06,2.44,"georgia"
"1288","108","Apr",50.79,2.04,"georgia"
"1289","108","May",61.45,2.61,"georgia"
"1290","108","Jun",70.02,2.36,"georgia"
"1291","108","Jul",73.89,2.27,"georgia"
"1292","108","Aug",73.62,1.68,"georgia"
"1293","108","Sep",65.7,1.94,"georgia"
"1294","108","Nov",55.76,1.91,"georgia"
"1295","108","Oct",45.1,1.71,"georgia"
"1296","108","Dec",37.63,1.63,"georgia"
"1297","109","Jan",33.93,1.24,"germany"
"1298","109","Feb",35.38,1.16,"germany"
"1299","109","Mar",42.42,1.05,"germany"
"1300","109","Apr",51.67,0.72,"germany"
"1301","109","May",58.08,1.42,"germany"
"1302","109","Jun",65.3,1.62,"germany"
"1303","109","Jul",68.76,1.59,"germany"
"1304","109","Aug",68.16,1.51,"germany"
"1305","109","Sep",60.22,1.06,"germany"
"1306","109","Nov",51.33,1.09,"germany"
"1307","109","Oct",42.42,0.88,"germany"
"1308","109","Dec",36.95,1.28,"germany"
"1309","110","Jan",45.39,2.57,"greece"
"1310","110","Feb",48.58,2,"greece"
"1311","110","Mar",52.95,1.93,"greece"
"1312","110","Apr",59.13,1.5,"greece"
"1313","110","May",66.87,1.52,"greece"
"1314","110","Jun",74.7,1.4,"greece"
"1315","110","Jul",79.84,0.86,"greece"
"1316","110","Aug",80.55,0.64,"greece"
"1317","110","Sep",73.71,1.24,"greece"
"1318","110","Nov",64.58,1.56,"greece"
"1319","110","Oct",56.73,1.99,"greece"
"1320","110","Dec",48.67,2.45,"greece"
"1321","111","Jan",32.5,2.47,"hungary"
"1322","111","Feb",36.52,2.97,"hungary"
"1323","111","Mar",46.56,2.34,"hungary"
"1324","111","Apr",56.98,2.55,"hungary"
"1325","111","May",63.81,5.17,"hungary"
"1326","111","Jun",72.41,4.4,"hungary"
"1327","111","Jul",76.44,3.06,"hungary"
"1328","111","Aug",77.2,2.24,"hungary"
"1329","111","Sep",66.74,2.87,"hungary"
"1330","111","Nov",55.47,2.86,"hungary"
"1331","111","Oct",45.46,2.47,"hungary"
"1332","111","Dec",35.51,2.29,"hungary"
"1333","112","Jan",29.84,3.53,"iceland"
"1334","112","Feb",30.11,3.19,"iceland"
"1335","112","Mar",30.7,2.78,"iceland"
"1336","112","Apr",34.47,2.47,"iceland"
"1337","112","May",40.1,1.78,"iceland"
"1338","112","Jun",46.71,1.28,"iceland"
"1339","112","Jul",49.39,1.83,"iceland"
"1340","112","Aug",48.38,2.19,"iceland"
"1341","112","Sep",43.97,3.54,"iceland"
"1342","112","Nov",37.83,2.92,"iceland"
"1343","112","Oct",32.36,2.55,"iceland"
"1344","112","Dec",28.71,3.48,"iceland"
"1345","113","Jan",41.58,3.3,"ireland"
"1346","113","Feb",42.12,3.22,"ireland"
"1347","113","Mar",44.31,2.74,"ireland"
"1348","113","Apr",48.69,2.28,"ireland"
"1349","113","May",53.19,2.92,"ireland"
"1350","113","Jun",57.76,3.63,"ireland"
"1351","113","Jul",60.19,3.41,"ireland"
"1352","113","Aug",59.18,3.66,"ireland"
"1353","113","Sep",56.08,2.97,"ireland"
"1354","113","Nov",51.21,3.31,"ireland"
"1355","113","Oct",45.36,3.71,"ireland"
"1356","113","Dec",42.51,3.75,"ireland"
"1357","114","Jan",57.88,2.29,"israel"
"1358","114","Feb",60.13,1.46,"israel"
"1359","114","Mar",64.47,1.12,"israel"
"1360","114","Apr",69.91,0.57,"israel"
"1361","114","May",77.18,0.26,"israel"
"1362","114","Jun",81.23,0.04,"israel"
"1363","114","Jul",84.51,0.01,"israel"
"1364","114","Aug",85.39,0.01,"israel"
"1365","114","Sep",83.08,0.04,"israel"
"1366","114","Nov",78.21,0.42,"israel"
"1367","114","Oct",70.27,0.91,"israel"
"1368","114","Dec",61.95,1.81,"israel"
"1369","115","Jan",40.93,2.93,"italy"
"1370","115","Feb",42.53,3.89,"italy"
"1371","115","Mar",48.29,3.92,"italy"
"1372","115","Apr",55.58,3.61,"italy"
"1373","115","May",62.13,5.2,"italy"
"1374","115","Jun",71.8,4.26,"italy"
"1375","115","Jul",77.16,3.51,"italy"
"1376","115","Aug",77.07,3.29,"italy"
"1377","115","Sep",68.14,3.67,"italy"
"1378","115","Nov",59.41,3.98,"italy"
"1379","115","Oct",50.61,5.71,"italy"
"1380","115","Dec",42.91,3.37,"italy"
"1381","116","Jan",15.53,1.39,"kazakhstan"
"1382","116","Feb",17.47,1.41,"kazakhstan"
"1383","116","Mar",33.15,2.06,"kazakhstan"
"1384","116","Apr",53.04,2.14,"kazakhstan"
"1385","116","May",66.96,2.37,"kazakhstan"
"1386","116","Jun",76.77,2.43,"kazakhstan"
"1387","116","Jul",80.33,1.88,"kazakhstan"
"1388","116","Aug",77.36,1.44,"kazakhstan"
"1389","116","Sep",64.76,1.09,"kazakhstan"
"1390","116","Nov",49.01,1.62,"kazakhstan"
"1391","116","Oct",31.35,1.75,"kazakhstan"
"1392","116","Dec",19.83,1.6,"kazakhstan"
"1393","117","Jan",23.83,1.34,"kyrgyzstan"
"1394","117","Feb",26.96,2.22,"kyrgyzstan"
"1395","117","Mar",40.17,2.82,"kyrgyzstan"
"1396","117","Apr",51.42,4.07,"kyrgyzstan"
"1397","117","May",60.39,4.98,"kyrgyzstan"
"1398","117","Jun",67.75,4.06,"kyrgyzstan"
"1399","117","Jul",73.2,2.23,"kyrgyzstan"
"1400","117","Aug",71.58,1.96,"kyrgyzstan"
"1401","117","Sep",63.41,1.43,"kyrgyzstan"
"1402","117","Nov",50.31,2.16,"kyrgyzstan"
"1403","117","Oct",36.28,2.03,"kyrgyzstan"
"1404","117","Dec",26.29,1.7,"kyrgyzstan"
"1405","118","Jan",24.67,2.82,"latvia"
"1406","118","Feb",26.89,2.45,"latvia"
"1407","118","Mar",33.35,2.27,"latvia"
"1408","118","Apr",45.18,2.24,"latvia"
"1409","118","May",56.8,3.34,"latvia"
"1410","118","Jun",63.97,3.72,"latvia"
"1411","118","Jul",68.27,4.39,"latvia"
"1412","118","Aug",66.38,4.13,"latvia"
"1413","118","Sep",57.45,3.15,"latvia"
"1414","118","Nov",45.7,3.39,"latvia"
"1415","118","Oct",38.32,3.14,"latvia"
"1416","118","Dec",31.28,2.75,"latvia"
"1417","119","Jan",25.45,3.01,"lithuania"
"1418","119","Feb",28.44,2.42,"lithuania"
"1419","119","Mar",35.73,2.25,"lithuania"
"1420","119","Apr",47.68,2.38,"lithuania"
"1421","119","May",58.59,3.96,"lithuania"
"1422","119","Jun",65.41,3.84,"lithuania"
"1423","119","Jul",68.79,4.8,"lithuania"
"1424","119","Aug",67.48,4.23,"lithuania"
"1425","119","Sep",58.41,2.95,"lithuania"
"1426","119","Nov",46.9,2.94,"lithuania"
"1427","119","Oct",39.22,2.93,"lithuania"
"1428","119","Dec",31.44,2.99,"lithuania"
"1429","120","Jan",34.14,4.71,"luxembourg"
"1430","120","Feb",35.31,3.97,"luxembourg"
"1431","120","Mar",42.35,3.23,"luxembourg"
"1432","120","Apr",50.72,2.82,"luxembourg"
"1433","120","May",56.37,5.01,"luxembourg"
"1434","120","Jun",62.96,5.11,"luxembourg"
"1435","120","Jul",66.58,4.15,"luxembourg"
"1436","120","Aug",65.82,4.04,"luxembourg"
"1437","120","Sep",58.59,3.26,"luxembourg"
"1438","120","Nov",50.25,3.68,"luxembourg"
"1439","120","Oct",41.74,3.87,"luxembourg"
"1440","120","Dec",36.5,5.85,"luxembourg"
"1441","121","Jan",58.33,3.38,"malta"
"1442","121","Feb",57.51,3.6,"malta"
"1443","121","Mar",58.82,2.56,"malta"
"1444","121","Apr",61.68,0.95,"malta"
"1445","121","May",66.33,0.87,"malta"
"1446","121","Jun",72.97,0.47,"malta"
"1447","121","Jul",78.64,0.14,"malta"
"1448","121","Aug",80.44,0.53,"malta"
"1449","121","Sep",77.74,2.15,"malta"
"1450","121","Nov",73.24,5.59,"malta"
"1451","121","Oct",67.57,6.22,"malta"
"1452","121","Dec",61.36,3.94,"malta"
"1453","122","Jan",48.78,3.68,"monaco"
"1454","122","Feb",48.42,4.99,"monaco"
"1455","122","Mar",52.16,5.25,"monaco"
"1456","122","Apr",57.16,5.89,"monaco"
"1457","122","May",62.01,7.49,"monaco"
"1458","122","Jun",68.86,7.73,"monaco"
"1459","122","Jul",74.86,6.62,"monaco"
"1460","122","Aug",76.32,3.98,"monaco"
"1461","122","Sep",70.75,4.37,"monaco"
"1462","122","Nov",63.86,7.33,"monaco"
"1463","122","Oct",56.46,10.15,"monaco"
"1464","122","Dec",50.86,4.86,"monaco"
"1465","123","Jan",34.47,8.89,"montenegro"
"1466","123","Feb",37.85,9.72,"montenegro"
"1467","123","Mar",43.86,9.34,"montenegro"
"1468","123","Apr",52.25,6.39,"montenegro"
"1469","123","May",59.25,7.34,"montenegro"
"1470","123","Jun",67.93,5.81,"montenegro"
"1471","123","Jul",72.93,3.72,"montenegro"
"1472","123","Aug",73.81,3.14,"montenegro"
"1473","123","Sep",64.81,5.14,"montenegro"
"1474","123","Nov",55.89,6.97,"montenegro"
"1475","123","Oct",47.7,12.05,"montenegro"
"1476","123","Dec",37.65,9.42,"montenegro"
"1477","124","Jan",33.6,3.39,"north-macedonia"
"1478","124","Feb",38.91,3.77,"north-macedonia"
"1479","124","Mar",46.29,4,"north-macedonia"
"1480","124","Apr",54.9,4.31,"north-macedonia"
"1481","124","May",62.53,5.86,"north-macedonia"
"1482","124","Jun",70.84,4.67,"north-macedonia"
"1483","124","Jul",76.15,3.35,"north-macedonia"
"1484","124","Aug",77.16,2.57,"north-macedonia"
"1485","124","Sep",67.93,3.36,"north-macedonia"
"1486","124","Nov",57.22,3.3,"north-macedonia"
"1487","124","Oct",48.02,3.37,"north-macedonia"
"1488","124","Dec",37.45,3.25,"north-macedonia"
"1489","125","Jan",23.76,5.92,"norway"
"1490","125","Feb",24.98,5.21,"norway"
"1491","125","Mar",29.89,5.49,"norway"
"1492","125","Apr",38.3,3.89,"norway"
"1493","125","May",48.15,4.61,"norway"
"1494","125","Jun",56.08,5.08,"norway"
"1495","125","Jul",60.46,5.32,"norway"
"1496","125","Aug",58.23,6.28,"norway"
"1497","125","Sep",51.22,6.35,"norway"
"1498","125","Nov",41.34,7.26,"norway"
"1499","125","Oct",32.95,6.52,"norway"
"1500","125","Dec",27.34,7.22,"norway"
"1501","126","Jan",29.61,2.61,"poland"
"1502","126","Feb",32.36,2.18,"poland"
"1503","126","Mar",40.78,2.14,"poland"
"1504","126","Apr",52.11,2.3,"poland"
"1505","126","May",60.46,4.45,"poland"
"1506","126","Jun",68.14,4.24,"poland"
"1507","126","Jul",70.88,5,"poland"
"1508","126","Aug",71.02,3.22,"poland"
"1509","126","Sep",61.2,3.06,"poland"
"1510","126","Nov",50.72,2.56,"poland"
"1511","126","Oct",41.79,2.13,"poland"
"1512","126","Dec",33.94,2.3,"poland"
"1513","127","Jan",50.52,4.59,"portugal"
"1514","127","Feb",51.28,4.08,"portugal"
"1515","127","Mar",54.79,3.92,"portugal"
"1516","127","Apr",59.05,3.65,"portugal"
"1517","127","May",65.12,2.77,"portugal"
"1518","127","Jun",70.25,1.02,"portugal"
"1519","127","Jul",75.13,0.44,"portugal"
"1520","127","Aug",75.61,0.58,"portugal"
"1521","127","Sep",72.14,1.96,"portugal"
"1522","127","Nov",64.98,4.79,"portugal"
"1523","127","Oct",56.16,4.54,"portugal"
"1524","127","Dec",52.03,4.56,"portugal"
"1525","128","Jan",30,2.48,"romania"
"1526","128","Feb",35.01,2.56,"romania"
"1527","128","Mar",45.14,2.78,"romania"
"1528","128","Apr",55.96,3.21,"romania"
"1529","128","May",64.69,5.39,"romania"
"1530","128","Jun",72.75,5.83,"romania"
"1531","128","Jul",76.5,4.06,"romania"
"1532","128","Aug",77.81,2.21,"romania"
"1533","128","Sep",68.16,2.13,"romania"
"1534","128","Nov",55.4,3.01,"romania"
"1535","128","Oct",45.54,2.15,"romania"
"1536","128","Dec",34.83,2.34,"romania"
"1537","129","Jan",45.84,3.09,"san-marino"
"1538","129","Feb",47.26,4.83,"san-marino"
"1539","129","Mar",52.3,3.83,"san-marino"
"1540","129","Apr",58.87,3,"san-marino"
"1541","129","May",65.39,5.48,"san-marino"
"1542","129","Jun",74.97,3.68,"san-marino"
"1543","129","Jul",80.2,2.95,"san-marino"
"1544","129","Aug",80.01,2.33,"san-marino"
"1545","129","Sep",72,3.95,"san-marino"
"1546","129","Nov",63.39,3.69,"san-marino"
"1547","129","Oct",55.47,4.58,"san-marino"
"1548","129","Dec",48.18,2.65,"san-marino"
"1549","130","Jan",32.59,3.12,"serbia"
"1550","130","Feb",37.08,3.18,"serbia"
"1551","130","Mar",46.56,3.61,"serbia"
"1552","130","Apr",56.75,3.2,"serbia"
"1553","130","May",63.84,5.94,"serbia"
"1554","130","Jun",72.03,5.11,"serbia"
"1555","130","Jul",76.33,3.31,"serbia"
"1556","130","Aug",77.65,2.12,"serbia"
"1557","130","Sep",67.82,2.57,"serbia"
"1558","130","Nov",56.46,2.91,"serbia"
"1559","130","Oct",46.92,2.36,"serbia"
"1560","130","Dec",36.1,2.55,"serbia"
"1561","131","Jan",28.44,3.08,"slovakia"
"1562","131","Feb",32.25,2.98,"slovakia"
"1563","131","Mar",42.24,2.42,"slovakia"
"1564","131","Apr",53.2,2.83,"slovakia"
"1565","131","May",60.4,5.48,"slovakia"
"1566","131","Jun",69.04,5.31,"slovakia"
"1567","131","Jul",72.34,4.71,"slovakia"
"1568","131","Aug",72.5,3.09,"slovakia"
"1569","131","Sep",62.26,3.72,"slovakia"
"1570","131","Nov",51.04,3.45,"slovakia"
"1571","131","Oct",41.49,2.81,"slovakia"
"1572","131","Dec",31.62,2.73,"slovakia"
"1573","132","Jan",33.28,3.87,"slovenia"
"1574","132","Feb",35.29,6.32,"slovenia"
"1575","132","Mar",44.51,4.49,"slovenia"
"1576","132","Apr",54.14,4.73,"slovenia"
"1577","132","May",60.73,10.16,"slovenia"
"1578","132","Jun",69.76,8.6,"slovenia"
"1579","132","Jul",73.2,7.78,"slovenia"
"1580","132","Aug",72.57,6.62,"slovenia"
"1581","132","Sep",62.56,7.84,"slovenia"
"1582","132","Nov",52.9,5.7,"slovenia"
"1583","132","Oct",44.11,6.99,"slovenia"
"1584","132","Dec",35.73,4.49,"slovenia"
"1585","133","Jan",48.36,2.69,"spain"
"1586","133","Feb",49.28,2.18,"spain"
"1587","133","Mar",53.37,2.63,"spain"
"1588","133","Apr",58.53,2.63,"spain"
"1589","133","May",64.83,1.92,"spain"
"1590","133","Jun",72,1.57,"spain"
"1591","133","Jul",77.41,0.95,"spain"
"1592","133","Aug",77.63,0.96,"spain"
"1593","133","Sep",72,1.51,"spain"
"1594","133","Nov",64.36,2.39,"spain"
"1595","133","Oct",55,3.02,"spain"
"1596","133","Dec",50.09,2.2,"spain"
"1597","134","Jan",26.42,2.46,"sweden"
"1598","134","Feb",27.73,2.23,"sweden"
"1599","134","Mar",33.17,1.94,"sweden"
"1600","134","Apr",43.18,1.78,"sweden"
"1601","134","May",53.44,2.91,"sweden"
"1602","134","Jun",61.16,3.4,"sweden"
"1603","134","Jul",65.52,3.7,"sweden"
"1604","134","Aug",63.07,3.61,"sweden"
"1605","134","Sep",55.06,2.84,"sweden"
"1606","134","Nov",44.6,3.11,"sweden"
"1607","134","Oct",36.7,2.65,"sweden"
"1608","134","Dec",30.61,2.75,"sweden"
"1609","135","Jan",30.83,5.01,"switzerland"
"1610","135","Feb",32.11,4.21,"switzerland"
"1611","135","Mar",39.4,4.26,"switzerland"
"1612","135","Apr",48.38,4.61,"switzerland"
"1613","135","May",54.55,7.87,"switzerland"
"1614","135","Jun",63.36,8.2,"switzerland"
"1615","135","Jul",66.85,7.63,"switzerland"
"1616","135","Aug",65.71,7.7,"switzerland"
"1617","135","Sep",57.51,4.78,"switzerland"
"1618","135","Nov",49.03,5.1,"switzerland"
"1619","135","Oct",39.97,4.88,"switzerland"
"1620","135","Dec",32.9,5.72,"switzerland"
"1621","136","Jan",22.24,4.08,"tajikistan"
"1622","136","Feb",24.91,6,"tajikistan"
"1623","136","Mar",35.8,6.5,"tajikistan"
"1624","136","Apr",45.41,6.38,"tajikistan"
"1625","136","May",55.11,6.08,"tajikistan"
"1626","136","Jun",64.02,2.97,"tajikistan"
"1627","136","Jul",71.06,1.15,"tajikistan"
"1628","136","Aug",69.17,0.67,"tajikistan"
"1629","136","Sep",60.67,0.68,"tajikistan"
"1630","136","Nov",47.28,2.3,"tajikistan"
"1631","136","Oct",33.58,4.05,"tajikistan"
"1632","136","Dec",24.46,3.11,"tajikistan"
"1633","137","Jan",41.27,0.69,"turkmenistan"
"1634","137","Feb",41.99,1.21,"turkmenistan"
"1635","137","Mar",56.19,1.16,"turkmenistan"
"1636","137","Apr",68.76,0.95,"turkmenistan"
"1637","137","May",83.07,1,"turkmenistan"
"1638","137","Jun",92.26,0.26,"turkmenistan"
"1639","137","Jul",95.83,0.11,"turkmenistan"
"1640","137","Aug",90.79,0.07,"turkmenistan"
"1641","137","Sep",80.08,0.08,"turkmenistan"
"1642","137","Nov",65.37,0.33,"turkmenistan"
"1643","137","Oct",49.8,0.51,"turkmenistan"
"1644","137","Dec",41.7,0.36,"turkmenistan"
"1645","138","Jan",27.1,1.83,"ukraine"
"1646","138","Feb",30.33,1.61,"ukraine"
"1647","138","Mar",40.08,1.51,"ukraine"
"1648","138","Apr",53.67,1.66,"ukraine"
"1649","138","May",64.56,3.41,"ukraine"
"1650","138","Jun",72.05,3.32,"ukraine"
"1651","138","Jul",75.38,2.61,"ukraine"
"1652","138","Aug",75.52,1.52,"ukraine"
"1653","138","Sep",65.01,1.63,"ukraine"
"1654","138","Nov",51.84,1.47,"ukraine"
"1655","138","Oct",41.38,1.14,"ukraine"
"1656","138","Dec",32.79,1.69,"ukraine"
"1657","139","Jan",36.82,1.36,"uzbekistan"
"1658","139","Feb",38.79,2.05,"uzbekistan"
"1659","139","Mar",53.62,1.95,"uzbekistan"
"1660","139","Apr",66.15,1.83,"uzbekistan"
"1661","139","May",78.53,1.28,"uzbekistan"
"1662","139","Jun",87.39,0.55,"uzbekistan"
"1663","139","Jul",91.42,0.24,"uzbekistan"
"1664","139","Aug",87.85,0.19,"uzbekistan"
"1665","139","Sep",77.54,0.16,"uzbekistan"
"1666","139","Nov",62.62,0.78,"uzbekistan"
"1667","139","Oct",46.99,1.28,"uzbekistan"
"1668","139","Dec",37.89,0.98,"uzbekistan"
"1669","140","Jan",69.96,0.11,"bangladesh"
"1670","140","Feb",75.92,0.37,"bangladesh"
"1671","140","Mar",83.59,0.65,"bangladesh"
"1672","140","Apr",88.5,2.88,"bangladesh"
"1673","140","May",89.4,5.23,"bangladesh"
"1674","140","Jun",88.18,8.42,"bangladesh"
"1675","140","Jul",85.8,10.67,"bangladesh"
"1676","140","Aug",85.86,7.94,"bangladesh"
"1677","140","Sep",84.99,7.49,"bangladesh"
"1678","140","Nov",82.13,3.76,"bangladesh"
"1679","140","Oct",77,0.67,"bangladesh"
"1680","140","Dec",71.8,0.12,"bangladesh"
"1681","141","Jan",46.65,0.35,"bhutan"
"1682","141","Feb",51.57,0.71,"bhutan"
"1683","141","Mar",57.24,1.2,"bhutan"
"1684","141","Apr",61.66,3.38,"bhutan"
"1685","141","May",65.23,6.24,"bhutan"
"1686","141","Jun",68.43,8.52,"bhutan"
"1687","141","Jul",68.47,12.09,"bhutan"
"1688","141","Aug",69.3,8.68,"bhutan"
"1689","141","Sep",66.61,7.68,"bhutan"
"1690","141","Nov",61.12,1.92,"bhutan"
"1691","141","Oct",54.97,0.27,"bhutan"
"1692","141","Dec",49.8,0.19,"bhutan"
"1693","142","Jan",65.93,0.53,"india"
"1694","142","Feb",71.29,0.7,"india"
"1695","142","Mar",78.89,0.89,"india"
"1696","142","Apr",85.82,1.73,"india"
"1697","142","May",89.37,3.11,"india"
"1698","142","Jun",87.67,6.06,"india"
"1699","142","Jul",83.55,8.64,"india"
"1700","142","Aug",82.13,8.48,"india"
"1701","142","Sep",81.03,6.13,"india"
"1702","142","Nov",78.42,3.17,"india"
"1703","142","Oct",73.06,1.05,"india"
"1704","142","Dec",67.71,0.64,"india"
"1705","143","Jan",80.2,6.72,"indonesia"
"1706","143","Feb",80.28,6.37,"indonesia"
"1707","143","Mar",80.78,7.02,"indonesia"
"1708","143","Apr",81.14,7.29,"indonesia"
"1709","143","May",81.39,5.41,"indonesia"
"1710","143","Jun",80.49,4.2,"indonesia"
"1711","143","Jul",79.74,3.57,"indonesia"
"1712","143","Aug",80.35,2.86,"indonesia"
"1713","143","Sep",81.16,3.34,"indonesia"
"1714","143","Nov",81.9,4.7,"indonesia"
"1715","143","Oct",81.52,6.21,"indonesia"
"1716","143","Dec",80.74,6.99,"indonesia"
"1717","144","Jan",81.43,4.22,"maldives"
"1718","144","Feb",81.9,3.79,"maldives"
"1719","144","Mar",82.98,3.89,"maldives"
"1720","144","Apr",84.13,5.93,"maldives"
"1721","144","May",84.33,13.38,"maldives"
"1722","144","Jun",83.5,5.97,"maldives"
"1723","144","Jul",83.01,7.63,"maldives"
"1724","144","Aug",82.69,8.78,"maldives"
"1725","144","Sep",82.56,9.38,"maldives"
"1726","144","Nov",82.49,12.28,"maldives"
"1727","144","Oct",82.4,12.82,"maldives"
"1728","144","Dec",82.04,11.85,"maldives"
"1729","145","Jan",73.44,0.46,"myanmar"
"1730","145","Feb",78.49,0.13,"myanmar"
"1731","145","Mar",84.49,0.34,"myanmar"
"1732","145","Apr",88.9,1.11,"myanmar"
"1733","145","May",87.44,4.94,"myanmar"
"1734","145","Jun",82.56,10.25,"myanmar"
"1735","145","Jul",80.26,11.78,"myanmar"
"1736","145","Aug",79.97,12.35,"myanmar"
"1737","145","Sep",80.73,8.71,"myanmar"
"1738","145","Nov",80.02,5.44,"myanmar"
"1739","145","Oct",77.34,1.29,"myanmar"
"1740","145","Dec",74.1,0.28,"myanmar"
"1741","146","Jan",55.42,1.28,"nepal"
"1742","146","Feb",61.38,2.05,"nepal"
"1743","146","Mar",70.79,1.94,"nepal"
"1744","146","Apr",78.67,4.28,"nepal"
"1745","146","May",82.13,7.65,"nepal"
"1746","146","Jun",82.69,14.13,"nepal"
"1747","146","Jul",78.31,29.31,"nepal"
"1748","146","Aug",78.28,23.62,"nepal"
"1749","146","Sep",76.19,13.77,"nepal"
"1750","146","Nov",71.35,3,"nepal"
"1751","146","Oct",65.23,0.38,"nepal"
"1752","146","Dec",58.73,0.43,"nepal"
"1753","147","Jan",78.82,4.89,"sri-lanka"
"1754","147","Feb",80.26,5.7,"sri-lanka"
"1755","147","Mar",82.65,5.22,"sri-lanka"
"1756","147","Apr",83.75,10.32,"sri-lanka"
"1757","147","May",83.37,11.14,"sri-lanka"
"1758","147","Jun",82.47,6.77,"sri-lanka"
"1759","147","Jul",81.99,6.75,"sri-lanka"
"1760","147","Aug",81.75,7.17,"sri-lanka"
"1761","147","Sep",81.66,8.55,"sri-lanka"
"1762","147","Nov",81.32,14.95,"sri-lanka"
"1763","147","Oct",80.19,14.47,"sri-lanka"
"1764","147","Dec",78.85,11.03,"sri-lanka"
"1765","148","Jan",79.23,0.91,"thailand"
"1766","148","Feb",83.19,0.49,"thailand"
"1767","148","Mar",87.08,1.14,"thailand"
"1768","148","Apr",89.55,2.1,"thailand"
"1769","148","May",88.52,3.97,"thailand"
"1770","148","Jun",85.44,4.44,"thailand"
"1771","148","Jul",83.37,5.26,"thailand"
"1772","148","Aug",82.94,6.49,"thailand"
"1773","148","Sep",82.87,6.25,"thailand"
"1774","148","Nov",81.7,4.7,"thailand"
"1775","148","Oct",80.58,2.25,"thailand"
"1776","148","Dec",78.06,1.14,"thailand"
"1777","149","Jan",79.93,6.06,"timor-leste"
"1778","149","Feb",79.95,5.67,"timor-leste"
"1779","149","Mar",80.24,6.3,"timor-leste"
"1780","149","Apr",80.35,3.14,"timor-leste"
"1781","149","May",79.77,2.43,"timor-leste"
"1782","149","Jun",78.26,0.63,"timor-leste"
"1783","149","Jul",77.34,0.61,"timor-leste"
"1784","149","Aug",77.77,0.11,"timor-leste"
"1785","149","Sep",79.65,0.43,"timor-leste"
"1786","149","Nov",81.39,0.94,"timor-leste"
"1787","149","Oct",82.02,2.14,"timor-leste"
"1788","149","Dec",81.3,5.68,"timor-leste"
"1789","150","Jan",81.36,1.59,"australia"
"1790","150","Feb",79.25,1.7,"australia"
"1791","150","Mar",75.09,1.22,"australia"
"1792","150","Apr",69.08,0.75,"australia"
"1793","150","May",61.29,0.81,"australia"
"1794","150","Jun",56.12,0.85,"australia"
"1795","150","Jul",55.38,0.72,"australia"
"1796","150","Aug",57.72,0.92,"australia"
"1797","150","Sep",63.88,0.84,"australia"
"1798","150","Nov",70.54,1,"australia"
"1799","150","Oct",75.36,1.06,"australia"
"1800","150","Dec",78.85,1.37,"australia"
"1801","151","Jan",81.36,0.59,"cambodia"
"1802","151","Feb",84.6,0.42,"cambodia"
"1803","151","Mar",88.09,1.34,"cambodia"
"1804","151","Apr",88.74,3.68,"cambodia"
"1805","151","May",87.94,4.83,"cambodia"
"1806","151","Jun",84.94,5.44,"cambodia"
"1807","151","Jul",83.39,5.59,"cambodia"
"1808","151","Aug",83.55,6.86,"cambodia"
"1809","151","Sep",83.12,8.39,"cambodia"
"1810","151","Nov",82.42,7.02,"cambodia"
"1811","151","Oct",81.77,2.9,"cambodia"
"1812","151","Dec",79.92,1.08,"cambodia"
"1813","152","Jan",33.1,0.64,"china"
"1814","152","Feb",38.71,0.73,"china"
"1815","152","Mar",49.77,1.16,"china"
"1816","152","Apr",60.89,1.6,"china"
"1817","152","May",69.93,2.58,"china"
"1818","152","Jun",75.92,3.62,"china"
"1819","152","Jul",79.41,3.93,"china"
"1820","152","Aug",77.97,3.65,"china"
"1821","152","Sep",70.16,2.33,"china"
"1822","152","Nov",59.97,1.16,"china"
"1823","152","Oct",48.04,0.76,"china"
"1824","152","Dec",35.96,0.52,"china"
"1825","153","Jan",79.66,13.07,"cook-islands"
"1826","153","Feb",80.17,11.62,"cook-islands"
"1827","153","Mar",80.64,12.8,"cook-islands"
"1828","153","Apr",79.36,7.99,"cook-islands"
"1829","153","May",77.47,7.91,"cook-islands"
"1830","153","Jun",75.31,2.99,"cook-islands"
"1831","153","Jul",73.94,3.26,"cook-islands"
"1832","153","Aug",73.33,3.34,"cook-islands"
"1833","153","Sep",74.21,3.34,"cook-islands"
"1834","153","Nov",74.57,4.88,"cook-islands"
"1835","153","Oct",76.46,6.64,"cook-islands"
"1836","153","Dec",78.4,11.85,"cook-islands"
"1837","154","Jan",81.97,9.15,"fiji"
"1838","154","Feb",82.63,8.1,"fiji"
"1839","154","Mar",82.08,8.65,"fiji"
"1840","154","Apr",81.05,6.86,"fiji"
"1841","154","May",79.59,4.34,"fiji"
"1842","154","Jun",78.62,3.66,"fiji"
"1843","154","Jul",76.89,2.8,"fiji"
"1844","154","Aug",76.78,2.92,"fiji"
"1845","154","Sep",77.29,3.53,"fiji"
"1846","154","Nov",78.57,5.88,"fiji"
"1847","154","Oct",79.79,5.54,"fiji"
"1848","154","Dec",81,8.34,"fiji"
"1849","155","Jan",39.2,1.92,"japan"
"1850","155","Feb",40.55,1.89,"japan"
"1851","155","Mar",46.81,2.62,"japan"
"1852","155","Apr",55.44,2.96,"japan"
"1853","155","May",65.3,3.07,"japan"
"1854","155","Jun",71.08,4.95,"japan"
"1855","155","Jul",78.03,6.26,"japan"
"1856","155","Aug",80.69,3.99,"japan"
"1857","155","Sep",73.54,4.45,"japan"
"1858","155","Nov",63.68,3.66,"japan"
"1859","155","Oct",54,1.88,"japan"
"1860","155","Dec",43.77,2.26,"japan"
"1861","156","Jan",81.25,5.92,"kiribati"
"1862","156","Feb",81.16,7.55,"kiribati"
"1863","156","Mar",81.57,9.02,"kiribati"
"1864","156","Apr",82.06,7.43,"kiribati"
"1865","156","May",82.49,5.54,"kiribati"
"1866","156","Jun",82.47,4.56,"kiribati"
"1867","156","Jul",82.15,4.52,"kiribati"
"1868","156","Aug",81.7,3.26,"kiribati"
"1869","156","Sep",81.5,2.74,"kiribati"
"1870","156","Nov",81.3,2.36,"kiribati"
"1871","156","Oct",81.25,2.43,"kiribati"
"1872","156","Dec",81.25,4.38,"kiribati"
"1873","157","Jan",80.82,3.78,"malaysia"
"1874","157","Feb",81.64,2.43,"malaysia"
"1875","157","Mar",82.94,2.94,"malaysia"
"1876","157","Apr",83.79,4.41,"malaysia"
"1877","157","May",84.51,4.29,"malaysia"
"1878","157","Jun",84.06,3.34,"malaysia"
"1879","157","Jul",83.52,3.42,"malaysia"
"1880","157","Aug",83.91,3.26,"malaysia"
"1881","157","Sep",83.44,3.71,"malaysia"
"1882","157","Nov",83.17,4.74,"malaysia"
"1883","157","Oct",82.06,6.36,"malaysia"
"1884","157","Dec",81.09,5.97,"malaysia"
"1885","158","Jan",81.88,7.3,"marshall-islands"
"1886","158","Feb",81.5,7.1,"marshall-islands"
"1887","158","Mar",81.79,8.44,"marshall-islands"
"1888","158","Apr",82.2,9.04,"marshall-islands"
"1889","158","May",82.71,11.51,"marshall-islands"
"1890","158","Jun",82.92,12.15,"marshall-islands"
"1891","158","Jul",83.1,13.54,"marshall-islands"
"1892","158","Aug",83.39,13.28,"marshall-islands"
"1893","158","Sep",83.57,14.16,"marshall-islands"
"1894","158","Nov",83.44,14.46,"marshall-islands"
"1895","158","Oct",83.26,13.23,"marshall-islands"
"1896","158","Dec",82.58,8.76,"marshall-islands"
"1897","159","Jan",NA,0.11,"mongolia"
"1898","159","Feb",2.08,0.19,"mongolia"
"1899","159","Mar",20.16,0.51,"mongolia"
"1900","159","Apr",40.01,0.92,"mongolia"
"1901","159","May",52.57,1.7,"mongolia"
"1902","159","Jun",63.75,3.35,"mongolia"
"1903","159","Jul",67.68,4.25,"mongolia"
"1904","159","Aug",63.27,3.58,"mongolia"
"1905","159","Sep",51.51,1.5,"mongolia"
"1906","159","Nov",35.46,0.67,"mongolia"
"1907","159","Oct",15.98,0.43,"mongolia"
"1908","159","Dec",1.4,0.16,"mongolia"
"1909","160","Jan",83.12,12.96,"nauru"
"1910","160","Feb",82.8,10.91,"nauru"
"1911","160","Mar",82.83,12.77,"nauru"
"1912","160","Apr",83.03,12.09,"nauru"
"1913","160","May",83.48,8.7,"nauru"
"1914","160","Jun",83.28,7.55,"nauru"
"1915","160","Jul",83.14,7.67,"nauru"
"1916","160","Aug",83.03,8.22,"nauru"
"1917","160","Sep",83.03,6.76,"nauru"
"1918","160","Nov",82.92,6.29,"nauru"
"1919","160","Oct",82.85,7.54,"nauru"
"1920","160","Dec",83.03,9.03,"nauru"
"1921","161","Jan",63.81,4.91,"new-zealand"
"1922","161","Feb",64.11,4.12,"new-zealand"
"1923","161","Mar",61.32,4.24,"new-zealand"
"1924","161","Apr",56.89,5.32,"new-zealand"
"1925","161","May",52.66,5.64,"new-zealand"
"1926","161","Jun",48.92,5.73,"new-zealand"
"1927","161","Jul",47.01,5.74,"new-zealand"
"1928","161","Aug",48.2,5.47,"new-zealand"
"1929","161","Sep",50.38,5.96,"new-zealand"
"1930","161","Nov",53.85,5.66,"new-zealand"
"1931","161","Oct",57.61,5.01,"new-zealand"
"1932","161","Dec",61.56,5.29,"new-zealand"
"1933","162","Jan",81.55,15.9,"niue"
"1934","162","Feb",81.75,15.81,"niue"
"1935","162","Mar",81.97,10.77,"niue"
"1936","162","Apr",80.67,7.05,"niue"
"1937","162","May",79.05,7.59,"niue"
"1938","162","Jun",77.31,4.63,"niue"
"1939","162","Jul",75.97,4.53,"niue"
"1940","162","Aug",75.67,5.2,"niue"
"1941","162","Sep",76.05,5.01,"niue"
"1942","162","Nov",77.23,6.05,"niue"
"1943","162","Oct",78.49,6.27,"niue"
"1944","162","Dec",80.26,10.72,"niue"
"1945","163","Jan",82.94,14.61,"palau"
"1946","163","Feb",82.31,12.07,"palau"
"1947","163","Mar",82.4,10.6,"palau"
"1948","163","Apr",83.3,13.15,"palau"
"1949","163","May",84.2,15.2,"palau"
"1950","163","Jun",83.95,17.93,"palau"
"1951","163","Jul",83.37,16.74,"palau"
"1952","163","Aug",83.17,13.75,"palau"
"1953","163","Sep",83.37,16.75,"palau"
"1954","163","Nov",83.61,16.32,"palau"
"1955","163","Oct",83.93,17.13,"palau"
"1956","163","Dec",83.71,17.57,"palau"
"1957","164","Jan",73.72,23.72,"papua-new-guinea"
"1958","164","Feb",73.65,22.5,"papua-new-guinea"
"1959","164","Mar",73.63,25.76,"papua-new-guinea"
"1960","164","Apr",73.8,22.21,"papua-new-guinea"
"1961","164","May",73.94,18.41,"papua-new-guinea"
"1962","164","Jun",73.15,15.76,"papua-new-guinea"
"1963","164","Jul",72.18,14.37,"papua-new-guinea"
"1964","164","Aug",72.37,16.3,"papua-new-guinea"
"1965","164","Sep",73,17.79,"papua-new-guinea"
"1966","164","Nov",73.72,20.06,"papua-new-guinea"
"1967","164","Oct",74.16,20.49,"papua-new-guinea"
"1968","164","Dec",74.17,22.45,"papua-new-guinea"
"1969","165","Jan",77.83,3.81,"philippines"
"1970","165","Feb",78.57,2.11,"philippines"
"1971","165","Mar",80.37,2.44,"philippines"
"1972","165","Apr",82.45,2.97,"philippines"
"1973","165","May",83.95,5.51,"philippines"
"1974","165","Jun",82.98,6.38,"philippines"
"1975","165","Jul",81.57,7.14,"philippines"
"1976","165","Aug",81.79,6.64,"philippines"
"1977","165","Sep",81.68,6.44,"philippines"
"1978","165","Nov",80.98,6.51,"philippines"
"1979","165","Oct",80.4,4.92,"philippines"
"1980","165","Dec",79.41,5.62,"philippines"
"1981","166","Jan",82.51,24.51,"samoa"
"1982","166","Feb",82.53,24.72,"samoa"
"1983","166","Mar",82.78,18.76,"samoa"
"1984","166","Apr",82.78,17.86,"samoa"
"1985","166","May",82.26,15.45,"samoa"
"1986","166","Jun",81.59,10.93,"samoa"
"1987","166","Jul",80.67,11.11,"samoa"
"1988","166","Aug",80.37,8.16,"samoa"
"1989","166","Sep",80.67,7.43,"samoa"
"1990","166","Nov",81.23,13.59,"samoa"
"1991","166","Oct",81.75,16.81,"samoa"
"1992","166","Dec",82.08,19.2,"samoa"
"1993","167","Jan",69.84,4.86,"singapore"
"1994","167","Feb",70.93,3.05,"singapore"
"1995","167","Mar",74.62,3.77,"singapore"
"1996","167","Apr",77.7,5.6,"singapore"
"1997","167","May",81.01,5.02,"singapore"
"1998","167","Jun",82.22,4.48,"singapore"
"1999","167","Jul",82.49,3.68,"singapore"
"2000","167","Aug",82.08,3.47,"singapore"
"2001","167","Sep",80.69,3.48,"singapore"
"2002","167","Nov",78.44,4.21,"singapore"
"2003","167","Oct",74.61,5.97,"singapore"
"2004","167","Dec",71.56,6.88,"singapore"
"2005","168","Jan",82.69,21.4,"solomon-islands"
"2006","168","Feb",82.47,19.66,"solomon-islands"
"2007","168","Mar",82.63,23.23,"solomon-islands"
"2008","168","Apr",82.47,18.13,"solomon-islands"
"2009","168","May",82.45,14.66,"solomon-islands"
"2010","168","Jun",81.73,13.31,"solomon-islands"
"2011","168","Jul",80.83,14.81,"solomon-islands"
"2012","168","Aug",80.74,13.59,"solomon-islands"
"2013","168","Sep",81.3,15.13,"solomon-islands"
"2014","168","Nov",81.7,17.28,"solomon-islands"
"2015","168","Oct",82.18,18.66,"solomon-islands"
"2016","168","Dec",82.44,22.14,"solomon-islands"
"2017","169","Jan",80.94,15.62,"tonga"
"2018","169","Feb",81.72,18.04,"tonga"
"2019","169","Mar",81.54,12.63,"tonga"
"2020","169","Apr",80.26,8.6,"tonga"
"2021","169","May",78.58,6.88,"tonga"
"2022","169","Jun",77.13,5.36,"tonga"
"2023","169","Jul",75.29,4.3,"tonga"
"2024","169","Aug",74.98,4.52,"tonga"
"2025","169","Sep",75.33,5.03,"tonga"
"2026","169","Nov",76.62,5.93,"tonga"
"2027","169","Oct",77.83,6.11,"tonga"
"2028","169","Dec",79.63,9.85,"tonga"
"2029","170","Jan",83.84,21.62,"tuvalu"
"2030","170","Feb",83.48,24.52,"tuvalu"
"2031","170","Mar",83.84,16.87,"tuvalu"
"2032","170","Apr",84.07,13.13,"tuvalu"
"2033","170","May",84.16,13.14,"tuvalu"
"2034","170","Jun",83.97,13.32,"tuvalu"
"2035","170","Jul",83.46,13.8,"tuvalu"
"2036","170","Aug",83.21,14.28,"tuvalu"
"2037","170","Sep",83.35,11.17,"tuvalu"
"2038","170","Nov",83.46,10.93,"tuvalu"
"2039","170","Oct",83.75,11.12,"tuvalu"
"2040","170","Dec",83.84,15.73,"tuvalu"
"2041","171","Jan",81,13.53,"vanuatu"
"2042","171","Feb",81.86,14.61,"vanuatu"
"2043","171","Mar",81.9,15.36,"vanuatu"
"2044","171","Apr",80.85,13.87,"vanuatu"
"2045","171","May",79.38,7.6,"vanuatu"
"2046","171","Jun",78.28,5.97,"vanuatu"
"2047","171","Jul",76.69,3.78,"vanuatu"
"2048","171","Aug",76.62,3.35,"vanuatu"
"2049","171","Sep",77.2,4.34,"vanuatu"
"2050","171","Nov",78.33,7.33,"vanuatu"
"2051","171","Oct",79.05,9.11,"vanuatu"
"2052","171","Dec",80.42,9.66,"vanuatu"
